id,23-Sep,24-Sep,25-Sep,26-Sep,27-Sep,28-Sep,29-Sep,30-Sep,1-Oct,2-Oct,3-Oct,4-Oct
1,1,NA,NA,NA,NA,NA,NA,NA,NA,NA,NA,NA
2,1,NA,NA,NA,NA,NA,NA,NA,NA,NA,NA,NA
3,1,NA,NA,NA,NA,NA,NA,NA,NA,NA,NA,NA
4,1,NA,NA,NA,NA,NA,NA,NA,NA,NA,NA,NA
5,1,NA,NA,NA,NA,NA,NA,NA,NA,NA,NA,NA
6,1,NA,NA,NA,NA,NA,NA,NA,NA,NA,NA,NA
7,1,NA,NA,NA,NA,NA,NA,NA,NA,NA,NA,NA
8,1,NA,NA,NA,NA,NA,NA,NA,NA,NA,NA,NA
9,1,NA,NA,NA,NA,NA,NA,NA,NA,NA,NA,NA
10,1,NA,NA,NA,NA,NA,NA,NA,NA,NA,NA,NA
11,1,NA,NA,NA,NA,NA,NA,NA,NA,NA,NA,NA
12,1,NA,NA,NA,NA,NA,NA,NA,NA,NA,NA,NA
13,1,NA,NA,NA,NA,NA,NA,NA,NA,NA,NA,NA
14,1,NA,NA,NA,NA,NA,NA,NA,NA,NA,NA,NA
15,1,NA,NA,NA,NA,NA,NA,NA,NA,NA,NA,NA
16,1,NA,NA,NA,NA,NA,NA,NA,NA,NA,NA,NA
17,1,NA,NA,NA,NA,NA,NA,NA,NA,NA,NA,NA
21,1,NA,NA,NA,NA,NA,NA,NA,NA,NA,NA,NA
22,1,NA,NA,NA,NA,NA,NA,NA,NA,NA,NA,NA
23,1,NA,NA,NA,NA,NA,NA,NA,NA,NA,NA,NA
24,1,NA,NA,NA,NA,NA,NA,NA,NA,NA,NA,NA
25,1,NA,NA,NA,NA,NA,NA,NA,NA,NA,NA,NA
26,1,NA,NA,NA,NA,NA,NA,NA,NA,NA,NA,NA
27,1,NA,NA,NA,NA,NA,NA,NA,NA,NA,NA,NA
28,1,NA,NA,NA,NA,NA,NA,NA,NA,NA,NA,NA
29,1,NA,NA,NA,NA,NA,NA,NA,NA,NA,NA,NA
30,1,NA,NA,NA,NA,NA,NA,NA,NA,NA,NA,NA
31,1,NA,NA,NA,NA,NA,NA,NA,NA,NA,NA,NA
32,1,NA,NA,NA,NA,NA,NA,NA,NA,NA,NA,NA
33,1,NA,NA,NA,NA,NA,NA,NA,NA,NA,NA,NA
34,1,NA,NA,NA,NA,NA,NA,NA,NA,NA,NA,NA
35,1,NA,NA,NA,NA,NA,NA,NA,NA,NA,NA,NA
36,1,NA,NA,NA,NA,NA,NA,NA,NA,NA,NA,NA
37,1,NA,NA,NA,NA,NA,NA,NA,NA,NA,NA,NA
38,1,NA,NA,NA,NA,NA,NA,NA,NA,NA,NA,NA
39,1,NA,NA,NA,NA,NA,NA,NA,NA,NA,NA,NA
40,1,NA,NA,NA,NA,NA,NA,NA,NA,NA,NA,NA
41,1,NA,NA,NA,NA,NA,NA,NA,NA,NA,NA,NA
42,1,NA,NA,NA,NA,NA,NA,NA,NA,NA,NA,NA
43,1,NA,NA,NA,NA,NA,NA,NA,NA,NA,NA,NA
44,1,NA,NA,NA,NA,NA,NA,NA,NA,NA,NA,NA
45,1,NA,NA,NA,NA,NA,NA,NA,NA,NA,NA,NA
46,1,NA,NA,NA,NA,NA,NA,NA,NA,NA,NA,NA
47,1,NA,NA,NA,NA,NA,NA,NA,NA,NA,NA,NA
48,1,NA,NA,NA,NA,NA,NA,NA,NA,NA,NA,NA
49,1,NA,NA,NA,NA,NA,NA,NA,NA,NA,NA,NA
50,1,NA,NA,NA,NA,NA,NA,NA,NA,NA,NA,NA
51,1,NA,NA,NA,NA,NA,NA,NA,NA,NA,NA,NA
52,1,NA,NA,NA,NA,NA,NA,NA,NA,NA,NA,NA
53,1,NA,NA,NA,NA,NA,NA,NA,NA,NA,NA,NA
54,1,NA,NA,NA,NA,NA,NA,NA,NA,NA,NA,NA
55,1,NA,NA,NA,NA,NA,NA,NA,NA,NA,NA,NA
56,1,NA,NA,NA,NA,NA,NA,NA,NA,NA,NA,NA
57,1,NA,NA,NA,NA,NA,NA,NA,NA,NA,NA,NA
58,1,NA,NA,NA,NA,NA,NA,NA,NA,NA,NA,NA
61,1,NA,NA,NA,NA,NA,NA,NA,NA,NA,NA,NA
62,1,NA,NA,NA,NA,NA,NA,NA,NA,NA,NA,NA
63,1,NA,NA,NA,NA,NA,NA,NA,NA,NA,NA,NA
64,1,NA,NA,NA,NA,NA,NA,NA,NA,NA,NA,NA
65,1,NA,NA,NA,NA,NA,NA,NA,NA,NA,NA,NA
66,1,NA,NA,NA,NA,NA,NA,NA,NA,NA,NA,NA
67,1,NA,NA,NA,NA,NA,NA,NA,NA,NA,NA,NA
68,1,NA,NA,NA,NA,NA,NA,NA,NA,NA,NA,NA
69,1,NA,NA,NA,NA,NA,NA,NA,NA,NA,NA,NA
70,1,NA,NA,NA,NA,NA,NA,NA,NA,NA,NA,NA
71,1,NA,NA,NA,NA,NA,NA,NA,NA,NA,NA,NA
72,1,NA,NA,NA,NA,NA,NA,NA,NA,NA,NA,NA
73,1,NA,NA,NA,NA,NA,NA,NA,NA,NA,NA,NA
74,1,NA,NA,NA,NA,NA,NA,NA,NA,NA,NA,NA
75,1,NA,NA,NA,NA,NA,NA,NA,NA,NA,NA,NA
76,1,NA,NA,NA,NA,NA,NA,NA,NA,NA,NA,NA
77,1,NA,NA,NA,NA,NA,NA,NA,NA,NA,NA,NA
78,1,NA,NA,NA,NA,NA,NA,NA,NA,NA,NA,NA
79,1,NA,NA,NA,NA,NA,NA,NA,NA,NA,NA,NA
80,1,NA,NA,NA,NA,NA,NA,NA,NA,NA,NA,NA
81,1,NA,NA,NA,NA,NA,NA,NA,NA,NA,NA,NA
82,1,NA,NA,NA,NA,NA,NA,NA,NA,NA,NA,NA
83,1,NA,NA,NA,NA,NA,NA,NA,NA,NA,NA,NA
84,1,NA,NA,NA,NA,NA,NA,NA,NA,NA,NA,NA
85,1,NA,NA,NA,NA,NA,NA,NA,NA,NA,NA,NA
86,1,NA,NA,NA,NA,NA,NA,NA,NA,NA,NA,NA
87,1,NA,NA,NA,NA,NA,NA,NA,NA,NA,NA,NA
88,1,NA,NA,NA,NA,NA,NA,NA,NA,NA,NA,NA
A1,NA,1,NA,NA,NA,NA,NA,NA,NA,NA,NA,NA
A2,NA,1,NA,NA,NA,NA,NA,NA,NA,NA,NA,NA
A3,NA,1,NA,NA,NA,NA,NA,NA,NA,NA,NA,NA
A4,NA,1,NA,NA,NA,NA,NA,NA,NA,NA,NA,NA
A5,NA,1,NA,NA,NA,NA,NA,NA,NA,NA,NA,NA
A6,NA,1,NA,NA,NA,NA,NA,NA,NA,NA,NA,NA
A7,NA,1,NA,NA,NA,NA,NA,NA,NA,NA,NA,NA
A8,NA,1,NA,NA,NA,NA,NA,NA,NA,NA,NA,NA
A9,NA,1,NA,NA,NA,NA,NA,NA,NA,NA,NA,NA
A0,NA,1,NA,NA,NA,NA,NA,NA,NA,NA,NA,NA
B1,NA,1,NA,NA,NA,NA,NA,NA,NA,NA,NA,NA
B2,NA,1,NA,NA,NA,NA,NA,NA,NA,NA,NA,NA
B3,NA,1,NA,NA,NA,NA,NA,NA,NA,NA,NA,NA
B4,NA,1,NA,NA,NA,NA,NA,NA,NA,NA,NA,NA
B5,NA,1,NA,NA,NA,NA,NA,NA,NA,NA,NA,NA
B6,NA,1,NA,NA,NA,NA,NA,NA,NA,NA,NA,NA
B7,NA,1,NA,NA,NA,NA,NA,NA,NA,NA,NA,NA
B8,NA,1,NA,NA,NA,NA,NA,NA,NA,NA,NA,NA
B9,NA,1,NA,NA,NA,NA,NA,NA,NA,NA,NA,NA
B0,NA,1,NA,NA,NA,NA,NA,NA,NA,NA,NA,NA
C1,NA,1,NA,NA,NA,NA,NA,NA,NA,NA,NA,NA
C2,NA,1,NA,NA,NA,NA,NA,NA,NA,NA,NA,NA
C3,NA,1,NA,NA,NA,NA,NA,NA,NA,NA,NA,NA
C4,NA,1,NA,NA,NA,NA,NA,NA,NA,NA,NA,NA
C5,NA,1,NA,NA,NA,NA,NA,NA,NA,NA,NA,NA
C6,NA,1,NA,NA,NA,NA,NA,NA,NA,NA,NA,NA
C7,NA,1,NA,NA,NA,NA,NA,NA,NA,NA,NA,NA
C8,NA,1,NA,NA,NA,NA,NA,NA,NA,NA,NA,NA
C9,NA,1,NA,NA,NA,NA,NA,NA,NA,NA,NA,NA
C0,NA,1,NA,NA,NA,NA,NA,NA,NA,NA,NA,NA
D1,NA,1,NA,NA,NA,NA,NA,NA,NA,NA,NA,NA
D2,NA,1,NA,NA,NA,NA,NA,NA,NA,NA,NA,NA
D3,NA,1,NA,NA,NA,NA,NA,NA,NA,NA,NA,NA
D4,NA,1,NA,NA,NA,NA,NA,NA,NA,NA,NA,NA
D5,NA,1,NA,NA,NA,NA,NA,NA,NA,NA,NA,NA
D6,NA,1,NA,NA,NA,NA,NA,NA,NA,NA,NA,NA
D7,NA,1,NA,NA,NA,NA,NA,NA,NA,NA,NA,NA
D8,NA,1,NA,NA,NA,NA,NA,NA,NA,NA,NA,NA
D9,NA,1,NA,NA,NA,NA,NA,NA,NA,NA,NA,NA
D0,NA,1,NA,NA,NA,NA,NA,NA,NA,NA,NA,NA
E1,NA,1,NA,NA,NA,NA,NA,NA,NA,NA,NA,NA
E2,NA,1,NA,NA,NA,NA,NA,NA,NA,NA,NA,NA
E3,NA,1,NA,NA,NA,NA,NA,NA,NA,NA,NA,NA
E4,NA,1,NA,NA,NA,NA,NA,NA,NA,NA,NA,NA
E5,NA,1,NA,NA,NA,NA,NA,NA,NA,NA,NA,NA
E6,NA,1,NA,NA,NA,NA,NA,NA,NA,NA,NA,NA
E7,NA,1,NA,NA,NA,NA,NA,NA,NA,NA,NA,NA
E8,NA,1,NA,NA,NA,NA,NA,NA,NA,NA,NA,NA
E9,NA,1,NA,NA,NA,NA,NA,NA,NA,NA,NA,NA
E0,NA,1,NA,NA,NA,NA,NA,NA,NA,NA,NA,NA
F1,NA,1,NA,NA,NA,NA,NA,NA,NA,NA,NA,NA
F2,NA,1,NA,NA,NA,NA,NA,NA,NA,NA,NA,NA
F3,NA,1,NA,NA,NA,NA,NA,NA,NA,NA,NA,NA
F4,NA,1,NA,NA,NA,NA,NA,NA,NA,NA,NA,NA
F5,NA,1,NA,NA,NA,NA,NA,NA,NA,NA,NA,NA
F6,NA,1,NA,NA,NA,NA,NA,NA,NA,NA,NA,NA
F7,NA,1,NA,NA,NA,NA,NA,NA,NA,NA,NA,NA
F8,NA,1,NA,NA,NA,NA,NA,NA,NA,NA,NA,NA
F9,NA,1,NA,NA,NA,NA,NA,NA,NA,NA,NA,NA
F0,NA,1,NA,NA,NA,NA,NA,NA,NA,NA,NA,NA
G1,NA,1,NA,NA,NA,NA,NA,NA,NA,NA,NA,NA
G2,NA,1,NA,NA,NA,NA,NA,NA,NA,NA,NA,NA
G3,NA,1,NA,NA,NA,NA,NA,NA,NA,NA,NA,NA
G4,NA,1,NA,NA,NA,NA,NA,NA,NA,NA,NA,NA
G5,NA,1,NA,NA,NA,NA,NA,NA,NA,NA,NA,NA
G6,NA,1,NA,NA,NA,NA,NA,NA,NA,NA,NA,NA
G7,NA,1,NA,NA,NA,NA,NA,NA,NA,NA,NA,NA
G8,NA,1,NA,NA,NA,NA,NA,NA,NA,NA,NA,NA
G9,NA,1,NA,NA,NA,NA,NA,NA,NA,NA,NA,NA
G0,NA,1,NA,NA,NA,NA,NA,NA,NA,NA,NA,NA
H1,NA,1,NA,NA,NA,NA,NA,NA,NA,NA,NA,NA
H2,NA,1,NA,NA,NA,NA,NA,NA,NA,NA,NA,NA
H3,NA,1,NA,NA,NA,NA,NA,NA,NA,NA,NA,NA
H4,NA,1,NA,NA,NA,NA,NA,NA,NA,NA,NA,NA
H5,NA,1,NA,NA,NA,NA,NA,NA,NA,NA,NA,NA
H6,NA,1,NA,NA,NA,NA,NA,NA,NA,NA,NA,NA
H7,NA,1,NA,NA,NA,NA,NA,NA,NA,NA,NA,NA
H8,NA,1,NA,NA,NA,NA,NA,NA,NA,NA,NA,NA
H9,NA,1,NA,NA,NA,NA,NA,NA,NA,NA,NA,NA
H0,NA,1,NA,NA,NA,NA,NA,NA,NA,NA,NA,NA
I1,NA,1,NA,NA,NA,NA,NA,NA,NA,NA,NA,NA
I2,NA,1,NA,NA,NA,NA,NA,NA,NA,NA,NA,NA
I3,NA,1,NA,NA,NA,NA,NA,NA,NA,NA,NA,NA
I4,NA,1,NA,NA,NA,NA,NA,NA,NA,NA,NA,NA
I5,NA,1,NA,NA,NA,NA,NA,NA,NA,NA,NA,NA
I6,NA,1,NA,NA,NA,NA,NA,NA,NA,NA,NA,NA
I7,NA,1,NA,NA,NA,NA,NA,NA,NA,NA,NA,NA
I8,NA,1,NA,NA,NA,NA,NA,NA,NA,NA,NA,NA
I9,NA,1,NA,NA,NA,NA,NA,NA,NA,NA,NA,NA
I0,NA,1,NA,NA,NA,NA,NA,NA,NA,NA,NA,NA
J1,NA,1,NA,NA,NA,NA,NA,NA,NA,NA,NA,NA
J2,NA,1,NA,NA,NA,NA,NA,NA,NA,NA,NA,NA
J3,NA,1,NA,NA,NA,NA,NA,NA,NA,NA,NA,NA
J4,NA,1,NA,NA,NA,NA,NA,NA,NA,NA,NA,NA
J5,NA,1,NA,NA,NA,NA,NA,NA,NA,NA,NA,NA
J6,NA,1,NA,NA,NA,NA,NA,NA,NA,NA,NA,NA
J7,NA,1,NA,NA,NA,NA,NA,NA,NA,NA,NA,NA
J8,NA,1,NA,NA,NA,NA,NA,NA,NA,NA,NA,NA
J9,NA,1,NA,NA,NA,NA,NA,NA,NA,NA,NA,NA
K1,NA,NA,1,NA,NA,NA,NA,NA,NA,NA,NA,NA
K2,NA,NA,1,NA,NA,NA,NA,NA,NA,NA,NA,NA
K3,NA,NA,1,NA,NA,NA,NA,NA,NA,NA,NA,NA
K4,NA,NA,1,NA,NA,NA,NA,NA,NA,NA,NA,NA
K5,NA,NA,1,NA,NA,NA,NA,NA,NA,NA,NA,NA
K6,NA,NA,1,NA,NA,NA,NA,NA,NA,NA,NA,NA
K7,NA,NA,1,NA,NA,NA,NA,NA,NA,NA,NA,NA
K8,NA,NA,1,NA,NA,NA,NA,NA,NA,NA,NA,NA
K9,NA,NA,1,NA,NA,NA,NA,NA,NA,NA,NA,NA
K0,NA,NA,1,NA,NA,NA,NA,NA,NA,NA,NA,NA
K,NA,NA,1,NA,NA,NA,NA,NA,NA,NA,NA,NA
L1,NA,NA,1,NA,NA,NA,NA,NA,NA,NA,NA,NA
L2,NA,NA,1,NA,NA,NA,NA,NA,NA,NA,NA,NA
L3,NA,NA,1,NA,NA,NA,NA,NA,NA,NA,NA,NA
L4,NA,NA,1,NA,NA,NA,NA,NA,NA,NA,NA,NA
L5,NA,NA,1,NA,NA,NA,NA,NA,NA,NA,NA,NA
L6,NA,NA,1,NA,NA,NA,NA,NA,NA,NA,NA,NA
L7,NA,NA,1,NA,NA,NA,NA,NA,NA,NA,NA,NA
L8,NA,NA,1,NA,NA,NA,NA,NA,NA,NA,NA,NA
L9,NA,NA,1,NA,NA,NA,NA,NA,NA,NA,NA,NA
L0,NA,NA,1,NA,NA,NA,NA,NA,NA,NA,NA,NA
M1,NA,NA,1,NA,NA,NA,NA,NA,NA,NA,NA,NA
M2,NA,NA,1,NA,NA,NA,NA,NA,NA,NA,NA,NA
M3,NA,NA,1,NA,NA,NA,NA,NA,NA,NA,NA,NA
M4,NA,NA,1,NA,NA,NA,NA,NA,NA,NA,NA,NA
M5,NA,NA,1,NA,NA,NA,NA,NA,NA,NA,NA,NA
M6,NA,NA,1,NA,NA,NA,NA,NA,NA,NA,NA,NA
M7,NA,NA,1,NA,NA,NA,NA,NA,NA,NA,NA,NA
M8,NA,NA,1,NA,NA,NA,NA,NA,NA,NA,NA,NA
M9,NA,NA,1,NA,NA,NA,NA,NA,NA,NA,NA,NA
M0,NA,NA,1,NA,NA,NA,NA,NA,NA,NA,NA,NA
N1,NA,NA,1,NA,NA,NA,NA,NA,NA,NA,NA,NA
N2,NA,NA,1,NA,NA,NA,NA,NA,NA,NA,NA,NA
N3,NA,NA,1,NA,NA,NA,NA,NA,NA,NA,NA,NA
N4,NA,NA,1,NA,NA,NA,NA,NA,NA,NA,NA,NA
N5,NA,NA,1,NA,NA,NA,NA,NA,NA,NA,NA,NA
N6,NA,NA,1,NA,NA,NA,NA,NA,NA,NA,NA,NA
N7,NA,NA,1,NA,NA,NA,NA,NA,NA,NA,NA,NA
N8,NA,NA,1,NA,NA,NA,NA,NA,NA,NA,NA,NA
N9,NA,NA,1,NA,NA,NA,NA,NA,NA,NA,NA,NA
N0,NA,NA,1,NA,NA,NA,NA,NA,NA,NA,NA,NA
O1,NA,NA,1,NA,NA,NA,NA,NA,NA,NA,NA,NA
O2,NA,NA,1,NA,NA,NA,NA,NA,NA,NA,NA,NA
O3,NA,NA,1,NA,NA,NA,NA,NA,NA,NA,NA,NA
O4,NA,NA,1,NA,NA,NA,NA,NA,NA,NA,NA,NA
O5,NA,NA,1,NA,NA,NA,NA,NA,NA,NA,NA,NA
O6,NA,NA,1,NA,NA,NA,NA,NA,NA,NA,NA,NA
O7,NA,NA,1,NA,NA,NA,NA,NA,NA,NA,NA,NA
O8,NA,NA,1,NA,NA,NA,NA,NA,NA,NA,NA,NA
O9,NA,NA,1,NA,NA,NA,NA,NA,NA,NA,NA,NA
O0,NA,NA,1,NA,NA,NA,NA,NA,NA,NA,NA,NA
P,NA,NA,1,NA,NA,NA,NA,NA,NA,NA,NA,NA
P1,NA,NA,1,NA,NA,NA,NA,NA,NA,NA,NA,NA
P2,NA,NA,1,NA,NA,NA,NA,NA,NA,NA,NA,NA
P3,NA,NA,1,NA,NA,NA,NA,NA,NA,NA,NA,NA
P4,NA,NA,1,NA,NA,NA,NA,NA,NA,NA,NA,NA
P5,NA,NA,1,NA,NA,NA,NA,NA,NA,NA,NA,NA
P6,NA,NA,1,NA,NA,NA,NA,NA,NA,NA,NA,NA
P7,NA,NA,1,NA,NA,NA,NA,NA,NA,NA,NA,NA
P8,NA,NA,1,NA,NA,NA,NA,NA,NA,NA,NA,NA
P9,NA,NA,1,NA,NA,NA,NA,NA,NA,NA,NA,NA
P0,NA,NA,1,NA,NA,NA,NA,NA,NA,NA,NA,NA
Q1,NA,NA,1,NA,NA,NA,NA,NA,NA,NA,NA,NA
Q2,NA,NA,1,NA,NA,NA,NA,NA,NA,NA,NA,NA
Q3,NA,NA,1,NA,NA,NA,NA,NA,NA,NA,NA,NA
Q4,NA,NA,1,NA,NA,NA,NA,NA,NA,NA,NA,NA
Q5,NA,NA,1,NA,NA,NA,NA,NA,NA,NA,NA,NA
Q6,NA,NA,1,NA,NA,NA,NA,NA,NA,NA,NA,NA
Q7,NA,NA,1,NA,NA,NA,NA,NA,NA,NA,NA,NA
Q8,NA,NA,1,NA,NA,NA,NA,NA,NA,NA,NA,NA
Q9,NA,NA,1,NA,NA,NA,NA,NA,NA,NA,NA,NA
R1,NA,NA,1,NA,NA,NA,NA,NA,NA,NA,NA,NA
R2,NA,NA,1,NA,NA,NA,NA,NA,NA,NA,NA,NA
R3,NA,NA,1,NA,NA,NA,NA,NA,NA,NA,NA,NA
R4,NA,NA,1,NA,NA,NA,NA,NA,NA,NA,NA,NA
R5,NA,NA,1,NA,NA,NA,NA,NA,NA,NA,NA,NA
R6,NA,NA,1,NA,NA,NA,NA,NA,NA,NA,NA,NA
R7,NA,NA,1,NA,NA,NA,NA,NA,NA,NA,NA,NA
R8,NA,NA,1,NA,NA,NA,NA,NA,NA,NA,NA,NA
R9,NA,NA,1,NA,NA,NA,NA,NA,NA,NA,NA,NA
R0,NA,NA,1,NA,NA,NA,NA,NA,NA,NA,NA,NA
S1,NA,NA,1,NA,NA,NA,NA,NA,NA,NA,NA,NA
S2,NA,NA,1,NA,NA,NA,NA,NA,NA,NA,NA,NA
S3,NA,NA,1,NA,NA,NA,NA,NA,NA,NA,NA,NA
S4,NA,NA,1,NA,NA,NA,NA,NA,NA,NA,NA,NA
S5,NA,NA,1,NA,NA,NA,NA,NA,NA,NA,NA,NA
S6,NA,NA,1,NA,NA,NA,NA,NA,NA,NA,NA,NA
S7,NA,NA,1,NA,NA,NA,NA,NA,NA,NA,NA,NA
S8,NA,NA,1,NA,NA,NA,NA,NA,NA,NA,NA,NA
S9,NA,NA,1,NA,NA,NA,NA,NA,NA,NA,NA,NA
S0,NA,NA,1,NA,NA,NA,NA,NA,NA,NA,NA,NA
T,NA,NA,1,NA,NA,NA,NA,NA,NA,NA,NA,NA
T1,NA,NA,1,NA,NA,NA,NA,NA,NA,NA,NA,NA
T2,NA,NA,1,NA,NA,NA,NA,NA,NA,NA,NA,NA
T3,NA,NA,1,NA,NA,NA,NA,NA,NA,NA,NA,NA
T4,NA,NA,1,NA,NA,NA,NA,NA,NA,NA,NA,NA
T5,NA,NA,1,NA,NA,NA,NA,NA,NA,NA,NA,NA
T6,NA,NA,1,NA,NA,NA,NA,NA,NA,NA,NA,NA
T7,NA,NA,1,NA,NA,NA,NA,NA,NA,NA,NA,NA
T8,NA,NA,1,NA,NA,NA,NA,NA,NA,NA,NA,NA
T9,NA,NA,1,NA,NA,NA,NA,NA,NA,NA,NA,NA
T0,NA,NA,1,NA,NA,NA,NA,NA,NA,NA,NA,NA
U1,NA,NA,NA,1,NA,NA,NA,NA,NA,NA,NA,NA
U2,NA,NA,NA,1,NA,NA,NA,NA,NA,NA,NA,NA
U3,NA,NA,NA,1,NA,NA,NA,NA,NA,NA,NA,NA
U4,NA,NA,NA,1,NA,NA,NA,NA,NA,NA,NA,NA
U5,NA,NA,NA,1,NA,NA,NA,NA,NA,NA,NA,NA
U6,NA,NA,NA,1,NA,NA,NA,NA,NA,NA,NA,NA
U7,NA,NA,NA,1,NA,NA,NA,NA,NA,NA,NA,NA
U8,NA,NA,NA,1,NA,NA,NA,NA,NA,NA,NA,NA
U9,NA,NA,NA,1,NA,NA,NA,NA,NA,NA,NA,NA
U10,NA,NA,NA,1,NA,NA,NA,NA,NA,NA,NA,NA
1V,NA,NA,NA,1,NA,NA,NA,NA,NA,NA,NA,NA
2V,NA,NA,NA,1,NA,NA,NA,NA,NA,NA,NA,NA
V2,NA,NA,NA,1,NA,NA,NA,NA,NA,NA,NA,NA
V3,NA,NA,NA,1,NA,NA,NA,NA,NA,NA,NA,NA
V4,NA,NA,NA,1,NA,NA,NA,NA,NA,NA,NA,NA
5V,NA,NA,NA,1,NA,NA,NA,NA,NA,NA,NA,NA
V5,NA,NA,NA,1,NA,NA,NA,NA,NA,NA,NA,NA
V6,NA,NA,NA,1,NA,NA,NA,NA,NA,NA,NA,NA
V7,NA,NA,NA,1,NA,NA,NA,NA,NA,NA,NA,NA
8V,NA,NA,NA,1,NA,NA,NA,NA,NA,NA,NA,NA
V9,NA,NA,NA,1,NA,NA,NA,NA,NA,NA,NA,NA
V0,NA,NA,NA,1,NA,NA,NA,NA,NA,NA,NA,NA
X1,NA,NA,NA,1,NA,NA,NA,NA,NA,NA,NA,NA
2X,NA,NA,NA,1,NA,NA,NA,NA,NA,NA,NA,NA
3X,NA,NA,NA,1,NA,NA,NA,NA,NA,NA,NA,NA
4X,NA,NA,NA,1,NA,NA,NA,NA,NA,NA,NA,NA
X5,NA,NA,NA,1,NA,NA,NA,NA,NA,NA,NA,NA
X6,NA,NA,NA,1,NA,NA,NA,NA,NA,NA,NA,NA
X7,NA,NA,NA,1,NA,NA,NA,NA,NA,NA,NA,NA
X8,NA,NA,NA,1,NA,NA,NA,NA,NA,NA,NA,NA
X9,NA,NA,NA,1,NA,NA,NA,NA,NA,NA,NA,NA
9X,NA,NA,NA,1,NA,NA,NA,NA,NA,NA,NA,NA
X0,NA,NA,NA,1,NA,NA,NA,NA,NA,NA,NA,NA
Y1,NA,NA,NA,1,NA,NA,NA,NA,NA,NA,NA,NA
Y2,NA,NA,NA,1,NA,NA,NA,NA,NA,NA,NA,NA
Y3,NA,NA,NA,1,NA,NA,NA,NA,NA,NA,NA,NA
4Y,NA,NA,NA,1,NA,NA,NA,NA,NA,NA,NA,NA
Y5,NA,NA,NA,1,NA,NA,NA,NA,NA,NA,NA,NA
5Y,NA,NA,NA,1,NA,NA,NA,NA,NA,NA,NA,NA
Y6,NA,NA,NA,1,NA,NA,NA,NA,NA,NA,NA,NA
Y7,NA,NA,NA,1,NA,NA,NA,NA,NA,NA,NA,NA
Y8,NA,NA,NA,1,NA,NA,NA,NA,NA,NA,NA,NA
Y9,NA,NA,NA,1,NA,NA,NA,NA,NA,NA,NA,NA
9Y,NA,NA,NA,1,NA,NA,NA,NA,NA,NA,NA,NA
Z1,NA,NA,NA,1,NA,NA,NA,NA,NA,NA,NA,NA
Z2,NA,NA,NA,1,NA,NA,NA,NA,NA,NA,NA,NA
Z3,NA,NA,NA,1,NA,NA,NA,NA,NA,NA,NA,NA
4Z,NA,NA,NA,1,NA,NA,NA,NA,NA,NA,NA,NA
5Z,NA,NA,NA,1,NA,NA,NA,NA,NA,NA,NA,NA
Z6,NA,NA,NA,1,NA,NA,NA,NA,NA,NA,NA,NA
Z7,NA,NA,NA,1,NA,NA,NA,NA,NA,NA,NA,NA
Z8,NA,NA,NA,1,NA,NA,NA,NA,NA,NA,NA,NA
Z9,NA,NA,NA,1,NA,NA,NA,NA,NA,NA,NA,NA
Z0,NA,NA,NA,1,NA,NA,NA,NA,NA,NA,NA,NA
?1,NA,NA,NA,NA,1,NA,NA,NA,NA,NA,NA,NA
2?,NA,NA,NA,NA,1,NA,NA,NA,NA,NA,NA,NA
3?,NA,NA,NA,NA,1,NA,NA,NA,NA,NA,NA,NA
?4,NA,NA,NA,NA,1,NA,NA,NA,NA,NA,NA,NA
5?,NA,NA,NA,NA,1,NA,NA,NA,NA,NA,NA,NA
?6,NA,NA,NA,NA,1,NA,NA,NA,NA,NA,NA,NA
7?,NA,NA,NA,NA,1,NA,NA,NA,NA,NA,NA,NA
8?,NA,NA,NA,NA,1,NA,NA,NA,NA,NA,NA,NA
9?,NA,NA,NA,NA,1,NA,NA,NA,NA,NA,NA,NA
?9,NA,NA,NA,NA,1,NA,NA,NA,NA,NA,NA,NA
?10,NA,NA,NA,NA,1,NA,NA,NA,NA,NA,NA,NA
?11,NA,NA,NA,NA,1,NA,NA,NA,NA,NA,NA,NA
?12,NA,NA,NA,NA,1,NA,NA,NA,NA,NA,NA,NA
?13,NA,NA,NA,NA,1,NA,NA,NA,NA,NA,NA,NA
?14,NA,NA,NA,NA,1,NA,NA,NA,NA,NA,NA,NA
?15,NA,NA,NA,NA,1,NA,NA,NA,NA,NA,NA,NA
?16,NA,NA,NA,NA,1,NA,NA,NA,NA,NA,NA,NA
?17,NA,NA,NA,NA,1,NA,NA,NA,NA,NA,NA,NA
?18,NA,NA,NA,NA,1,NA,NA,NA,NA,NA,NA,NA
?19,NA,NA,NA,NA,1,NA,NA,NA,NA,NA,NA,NA
?20,NA,NA,NA,NA,1,NA,NA,NA,NA,NA,NA,NA
1=,NA,NA,NA,NA,1,NA,NA,NA,NA,NA,NA,NA
=2,NA,NA,NA,NA,1,NA,NA,NA,NA,NA,NA,NA
=3,NA,NA,NA,NA,1,NA,NA,NA,NA,NA,NA,NA
=4,NA,NA,NA,NA,1,NA,NA,NA,NA,NA,NA,NA
5=,NA,NA,NA,NA,1,NA,NA,NA,NA,NA,NA,NA
6=,NA,NA,NA,NA,1,NA,NA,NA,NA,NA,NA,NA
=7,NA,NA,NA,NA,1,NA,NA,NA,NA,NA,NA,NA
=8,NA,NA,NA,NA,1,NA,NA,NA,NA,NA,NA,NA
=9,NA,NA,NA,NA,1,NA,NA,NA,NA,NA,NA,NA
=10,NA,NA,NA,NA,1,NA,NA,NA,NA,NA,NA,NA
=11,NA,NA,NA,NA,1,NA,NA,NA,NA,NA,NA,NA
=12,NA,NA,NA,NA,1,NA,NA,NA,NA,NA,NA,NA
=13,NA,NA,NA,NA,1,NA,NA,NA,NA,NA,NA,NA
=14,NA,NA,NA,NA,1,NA,NA,NA,NA,NA,NA,NA
=15,NA,NA,NA,NA,1,NA,NA,NA,NA,NA,NA,NA
=16,NA,NA,NA,NA,1,NA,NA,NA,NA,NA,NA,NA
=17,NA,NA,NA,NA,1,NA,NA,NA,NA,NA,NA,NA
=18,NA,NA,NA,NA,1,NA,NA,NA,NA,NA,NA,NA
=19,NA,NA,NA,NA,1,NA,NA,NA,NA,NA,NA,NA
=20,NA,NA,NA,NA,1,NA,NA,NA,NA,NA,NA,NA
triângulo  1,NA,NA,NA,NA,1,NA,NA,NA,NA,NA,NA,NA
2triângulo ,NA,NA,NA,NA,1,NA,NA,NA,NA,NA,NA,NA
triângulo  3,NA,NA,NA,NA,1,NA,NA,NA,NA,NA,NA,NA
triângulo 4,NA,NA,NA,NA,1,NA,NA,NA,NA,NA,NA,NA
triângulo 5,NA,NA,NA,NA,1,NA,NA,NA,NA,NA,NA,NA
6triângulo,NA,NA,NA,NA,1,NA,NA,NA,NA,NA,NA,NA
triangulo 7,NA,NA,NA,NA,1,NA,NA,NA,NA,NA,NA,NA
7triângulo,NA,NA,NA,NA,1,NA,NA,NA,NA,NA,NA,NA
triângulo 8,NA,NA,NA,NA,1,NA,NA,NA,NA,NA,NA,NA
9triângulo,NA,NA,NA,NA,1,NA,NA,NA,NA,NA,NA,NA
triângulo 10,NA,NA,NA,NA,1,NA,NA,NA,NA,NA,NA,NA
triângulo 11,NA,NA,NA,NA,1,NA,NA,NA,NA,NA,NA,NA
triângulo 12,NA,NA,NA,NA,1,NA,NA,NA,NA,NA,NA,NA
triângulo 13,NA,NA,NA,NA,1,NA,NA,NA,NA,NA,NA,NA
triângulo  14,NA,NA,NA,NA,1,NA,NA,NA,NA,NA,NA,NA
triângulo 15,NA,NA,NA,NA,1,NA,NA,NA,NA,NA,NA,NA
triângulo 16,NA,NA,NA,NA,1,NA,NA,NA,NA,NA,NA,NA
triângulo 17,NA,NA,NA,NA,1,NA,NA,NA,NA,NA,NA,NA
triângulo 18,NA,NA,NA,NA,1,NA,NA,NA,NA,NA,NA,NA
triângulo 19,NA,NA,NA,NA,1,NA,NA,NA,NA,NA,NA,NA
triângulo 20,NA,NA,NA,NA,1,NA,NA,NA,NA,NA,NA,NA
quadrado 20,NA,NA,NA,NA,1,NA,NA,NA,NA,NA,NA,NA
quadrado 1,NA,NA,NA,NA,1,NA,NA,NA,NA,NA,NA,NA
quadrado 2,NA,NA,NA,NA,1,NA,NA,NA,NA,NA,NA,NA
quadrado 3,NA,NA,NA,NA,1,NA,NA,NA,NA,NA,NA,NA
quadrado 4,NA,NA,NA,NA,1,NA,NA,NA,NA,NA,NA,NA
quadrado 5,NA,NA,NA,NA,1,NA,NA,NA,NA,NA,NA,NA
quadrado 6,NA,NA,NA,NA,1,NA,NA,NA,NA,NA,NA,NA
quadrado 7,NA,NA,NA,NA,1,NA,NA,NA,NA,NA,NA,NA
quadrado 8,NA,NA,NA,NA,1,NA,NA,NA,NA,NA,NA,NA
quadrado 9,NA,NA,NA,NA,1,NA,NA,NA,NA,NA,NA,NA
quadrado 10,NA,NA,NA,NA,1,NA,NA,NA,NA,NA,NA,NA
quadrado 11,NA,NA,NA,NA,1,NA,NA,NA,NA,NA,NA,NA
quadrado 12,NA,NA,NA,NA,1,NA,NA,NA,NA,NA,NA,NA
quadrado 13,NA,NA,NA,NA,1,NA,NA,NA,NA,NA,NA,NA
quadrado 14,NA,NA,NA,NA,1,NA,NA,NA,NA,NA,NA,NA
quadrado 15,NA,NA,NA,NA,1,NA,NA,NA,NA,NA,NA,NA
quadrado 16,NA,NA,NA,NA,1,NA,NA,NA,NA,NA,NA,NA
quadrado 17,NA,NA,NA,NA,1,NA,NA,NA,NA,NA,NA,NA
quadrado 18,NA,NA,NA,NA,1,NA,NA,NA,NA,NA,NA,NA
quadrado 19,NA,NA,NA,NA,1,NA,NA,NA,NA,NA,NA,NA
quadrado 20,NA,NA,NA,NA,1,NA,NA,NA,NA,NA,NA,NA
-1,NA,NA,NA,NA,1,NA,NA,NA,NA,NA,NA,NA
-2,NA,NA,NA,NA,1,NA,NA,NA,NA,NA,NA,NA
2-,NA,NA,NA,NA,1,NA,NA,NA,NA,NA,NA,NA
-3,NA,NA,NA,NA,1,NA,NA,NA,NA,NA,NA,NA
-4,NA,NA,NA,NA,1,NA,NA,NA,NA,NA,NA,NA
5-,NA,NA,NA,NA,1,NA,NA,NA,NA,NA,NA,NA
-6,NA,NA,NA,NA,1,NA,NA,NA,NA,NA,NA,NA
7-,NA,NA,NA,NA,1,NA,NA,NA,NA,NA,NA,NA
-8,NA,NA,NA,NA,1,NA,NA,NA,NA,NA,NA,NA
-9,NA,NA,NA,NA,1,NA,NA,NA,NA,NA,NA,NA
-10,NA,NA,NA,NA,1,NA,NA,NA,NA,NA,NA,NA
-11,NA,NA,NA,NA,1,NA,NA,NA,NA,NA,NA,NA
-12,NA,NA,NA,NA,1,NA,NA,NA,NA,NA,NA,NA
-13,NA,NA,NA,NA,1,NA,NA,NA,NA,NA,NA,NA
-14,NA,NA,NA,NA,1,NA,NA,NA,NA,NA,NA,NA
-15,NA,NA,NA,NA,1,NA,NA,NA,NA,NA,NA,NA
-16,NA,NA,NA,NA,1,NA,NA,NA,NA,NA,NA,NA
-17,NA,NA,NA,NA,1,NA,NA,NA,NA,NA,NA,NA
-18,NA,NA,NA,NA,1,NA,NA,NA,NA,NA,NA,NA
-19,NA,NA,NA,NA,1,NA,NA,NA,NA,NA,NA,NA
-20,NA,NA,NA,NA,1,NA,NA,NA,NA,NA,NA,NA
1!,NA,NA,NA,NA,NA,1,NA,NA,NA,NA,NA,NA
!1,NA,NA,NA,NA,NA,1,NA,NA,NA,NA,NA,NA
!2,NA,NA,NA,NA,NA,1,NA,NA,NA,NA,NA,NA
!3,NA,NA,NA,NA,NA,1,NA,NA,NA,NA,NA,NA
4!,NA,NA,NA,NA,NA,1,NA,NA,NA,NA,NA,NA
!5,NA,NA,NA,NA,NA,1,NA,NA,NA,NA,NA,NA
5!,NA,NA,NA,NA,NA,1,NA,NA,NA,NA,NA,NA
!6,NA,NA,NA,NA,NA,1,NA,NA,NA,NA,NA,NA
7!,NA,NA,NA,NA,NA,1,NA,NA,NA,NA,NA,NA
!7,NA,NA,NA,NA,NA,1,NA,NA,NA,NA,NA,NA
!8,NA,NA,NA,NA,NA,1,NA,NA,NA,NA,NA,NA
!9,NA,NA,NA,NA,NA,1,NA,NA,NA,NA,NA,NA
!10,NA,NA,NA,NA,NA,1,NA,NA,NA,NA,NA,NA
!11,NA,NA,NA,NA,NA,1,NA,NA,NA,NA,NA,NA
!12,NA,NA,NA,NA,NA,1,NA,NA,NA,NA,NA,NA
!13,NA,NA,NA,NA,NA,1,NA,NA,NA,NA,NA,NA
!14,NA,NA,NA,NA,NA,1,NA,NA,NA,NA,NA,NA
!15,NA,NA,NA,NA,NA,1,NA,NA,NA,NA,NA,NA
!16,NA,NA,NA,NA,NA,1,NA,NA,NA,NA,NA,NA
!17,NA,NA,NA,NA,NA,1,NA,NA,NA,NA,NA,NA
!18,NA,NA,NA,NA,NA,1,NA,NA,NA,NA,NA,NA
!19,NA,NA,NA,NA,NA,1,NA,NA,NA,NA,NA,NA
!20,NA,NA,NA,NA,NA,1,NA,NA,NA,NA,NA,NA
II1,NA,NA,NA,NA,NA,1,NA,NA,NA,NA,NA,NA
II2,NA,NA,NA,NA,NA,1,NA,NA,NA,NA,NA,NA
II3,NA,NA,NA,NA,NA,1,NA,NA,NA,NA,NA,NA
II4,NA,NA,NA,NA,NA,1,NA,NA,NA,NA,NA,NA
II5,NA,NA,NA,NA,NA,1,NA,NA,NA,NA,NA,NA
II6,NA,NA,NA,NA,NA,1,NA,NA,NA,NA,NA,NA
6II,NA,NA,NA,NA,NA,1,NA,NA,NA,NA,NA,NA
II7,NA,NA,NA,NA,NA,1,NA,NA,NA,NA,NA,NA
II8,NA,NA,NA,NA,NA,1,NA,NA,NA,NA,NA,NA
9II,NA,NA,NA,NA,NA,1,NA,NA,NA,NA,NA,NA
II10,NA,NA,NA,NA,NA,1,NA,NA,NA,NA,NA,NA
10II,NA,NA,NA,NA,NA,1,NA,NA,NA,NA,NA,NA
II11,NA,NA,NA,NA,NA,1,NA,NA,NA,NA,NA,NA
II12,NA,NA,NA,NA,NA,1,NA,NA,NA,NA,NA,NA
II13,NA,NA,NA,NA,NA,1,NA,NA,NA,NA,NA,NA
II14,NA,NA,NA,NA,NA,1,NA,NA,NA,NA,NA,NA
II15,NA,NA,NA,NA,NA,1,NA,NA,NA,NA,NA,NA
II16,NA,NA,NA,NA,NA,1,NA,NA,NA,NA,NA,NA
II17,NA,NA,NA,NA,NA,1,NA,NA,NA,NA,NA,NA
II18,NA,NA,NA,NA,NA,1,NA,NA,NA,NA,NA,NA
II19,NA,NA,NA,NA,NA,1,NA,NA,NA,NA,NA,NA
II20,NA,NA,NA,NA,NA,1,NA,NA,NA,NA,NA,NA
0caracol,NA,NA,NA,NA,NA,1,NA,NA,NA,NA,NA,NA
1caracol,NA,NA,NA,NA,NA,1,NA,NA,NA,NA,NA,NA
2caracol,NA,NA,NA,NA,NA,1,NA,NA,NA,NA,NA,NA
3 caracol,NA,NA,NA,NA,NA,1,NA,NA,NA,NA,NA,NA
caracol 3,NA,NA,NA,NA,NA,1,NA,NA,NA,NA,NA,NA
caracol 4,NA,NA,NA,NA,NA,1,NA,NA,NA,NA,NA,NA
caracol 5,NA,NA,NA,NA,NA,1,NA,NA,NA,NA,NA,NA
caracol 6,NA,NA,NA,NA,NA,1,NA,NA,NA,NA,NA,NA
caracol 7,NA,NA,NA,NA,NA,1,NA,NA,NA,NA,NA,NA
caracol 8,NA,NA,NA,NA,NA,1,NA,NA,NA,NA,NA,NA
9caracol,NA,NA,NA,NA,NA,1,NA,NA,NA,NA,NA,NA
caracol 10,NA,NA,NA,NA,NA,1,NA,NA,NA,NA,NA,NA
caracol 11,NA,NA,NA,NA,NA,1,NA,NA,NA,NA,NA,NA
caracol 12,NA,NA,NA,NA,NA,1,NA,NA,NA,NA,NA,NA
caracol 13,NA,NA,NA,NA,NA,1,NA,NA,NA,NA,NA,NA
caracol 14,NA,NA,NA,NA,NA,1,NA,NA,NA,NA,NA,NA
caracol 15,NA,NA,NA,NA,NA,1,NA,NA,NA,NA,NA,NA
caracol 16,NA,NA,NA,NA,NA,1,NA,NA,NA,NA,NA,NA
caracol 17,NA,NA,NA,NA,NA,1,NA,NA,NA,NA,NA,NA
caracol 18,NA,NA,NA,NA,NA,1,NA,NA,NA,NA,NA,NA
caracol 19,NA,NA,NA,NA,NA,1,NA,NA,NA,NA,NA,NA
caracol 20,NA,NA,NA,NA,NA,1,NA,NA,NA,NA,NA,NA
triângulo para baixo 0,NA,NA,NA,NA,NA,1,NA,NA,NA,NA,NA,NA
triângulo para baixo 1,NA,NA,NA,NA,NA,1,NA,NA,NA,NA,NA,NA
triângulo para baixo 2,NA,NA,NA,NA,NA,1,NA,NA,NA,NA,NA,NA
3triângulo para baixo,NA,NA,NA,NA,NA,1,NA,NA,NA,NA,NA,NA
triângulo para baixo 4,NA,NA,NA,NA,NA,1,NA,NA,NA,NA,NA,NA
5triângulo para baixo,NA,NA,NA,NA,NA,1,NA,NA,NA,NA,NA,NA
triângulo para baixo 6,NA,NA,NA,NA,NA,1,NA,NA,NA,NA,NA,NA
7 triangulo para baixo,NA,NA,NA,NA,NA,1,NA,NA,NA,NA,NA,NA
triângulo para baixo 7,NA,NA,NA,NA,NA,1,NA,NA,NA,NA,NA,NA
8triângulo para baixo,NA,NA,NA,NA,NA,1,NA,NA,NA,NA,NA,NA
triângulo para baixo 9,NA,NA,NA,NA,NA,1,NA,NA,NA,NA,NA,NA
triângulo para baixo 10,NA,NA,NA,NA,NA,1,NA,NA,NA,NA,NA,NA
triângulo para baixo 11,NA,NA,NA,NA,NA,1,NA,NA,NA,NA,NA,NA
triângulo para baixo 12,NA,NA,NA,NA,NA,1,NA,NA,NA,NA,NA,NA
triângulo para baixo 13,NA,NA,NA,NA,NA,1,NA,NA,NA,NA,NA,NA
triângulo para baixo 14,NA,NA,NA,NA,NA,1,NA,NA,NA,NA,NA,NA
triângulo para baixo 15,NA,NA,NA,NA,NA,1,NA,NA,NA,NA,NA,NA
triângulo para baixo 16,NA,NA,NA,NA,NA,1,NA,NA,NA,NA,NA,NA
triângulo para baixo 17,NA,NA,NA,NA,NA,1,NA,NA,NA,NA,NA,NA
triângulo para baixo 18,NA,NA,NA,NA,NA,1,NA,NA,NA,NA,NA,NA
triângulo para baixo 19,NA,NA,NA,NA,NA,1,NA,NA,NA,NA,NA,NA
triângulo para baixo 20,NA,NA,NA,NA,NA,1,NA,NA,NA,NA,NA,NA
0infinito,NA,NA,NA,NA,NA,1,NA,NA,NA,NA,NA,NA
infinito 1,NA,NA,NA,NA,NA,1,NA,NA,NA,NA,NA,NA
infinito 2,NA,NA,NA,NA,NA,1,NA,NA,NA,NA,NA,NA
3 infinito,NA,NA,NA,NA,NA,1,NA,NA,NA,NA,NA,NA
infinito 3,NA,NA,NA,NA,NA,1,NA,NA,NA,NA,NA,NA
infinito 4,NA,NA,NA,NA,NA,1,NA,NA,NA,NA,NA,NA
infinito 5,NA,NA,NA,NA,NA,1,NA,NA,NA,NA,NA,NA
infinito 6,NA,NA,NA,NA,NA,1,NA,NA,NA,NA,NA,NA
infinito 7,NA,NA,NA,NA,NA,1,NA,NA,NA,NA,NA,NA
infinito 8,NA,NA,NA,NA,NA,1,NA,NA,NA,NA,NA,NA
9infinito,NA,NA,NA,NA,NA,1,NA,NA,NA,NA,NA,NA
infinito 10,NA,NA,NA,NA,NA,1,NA,NA,NA,NA,NA,NA
infinito 11,NA,NA,NA,NA,NA,1,NA,NA,NA,NA,NA,NA
infinito 12,NA,NA,NA,NA,NA,1,NA,NA,NA,NA,NA,NA
infinito 13,NA,NA,NA,NA,NA,1,NA,NA,NA,NA,NA,NA
infinito 14,NA,NA,NA,NA,NA,1,NA,NA,NA,NA,NA,NA
infinito 15,NA,NA,NA,NA,NA,1,NA,NA,NA,NA,NA,NA
infinito 16,NA,NA,NA,NA,NA,1,NA,NA,NA,NA,NA,NA
infinito 17,NA,NA,NA,NA,NA,1,NA,NA,NA,NA,NA,NA
infinito 18,NA,NA,NA,NA,NA,1,NA,NA,NA,NA,NA,NA
infinito 19,NA,NA,NA,NA,NA,1,NA,NA,NA,NA,NA,NA
infinito 20,NA,NA,NA,NA,NA,1,NA,NA,NA,NA,NA,NA
1raio,NA,NA,NA,NA,NA,NA,1,NA,NA,NA,NA,NA
raio 2,NA,NA,NA,NA,NA,NA,1,NA,NA,NA,NA,NA
3raio,NA,NA,NA,NA,NA,NA,1,NA,NA,NA,NA,NA
raio 4,NA,NA,NA,NA,NA,NA,1,NA,NA,NA,NA,NA
raio 5,NA,NA,NA,NA,NA,NA,1,NA,NA,NA,NA,NA
6raio,NA,NA,NA,NA,NA,NA,1,NA,NA,NA,NA,NA
7 raio,NA,NA,NA,NA,NA,NA,1,NA,NA,NA,NA,NA
raio 7,NA,NA,NA,NA,NA,NA,1,NA,NA,NA,NA,NA
8raio,NA,NA,NA,NA,NA,NA,1,NA,NA,NA,NA,NA
raio 9,NA,NA,NA,NA,NA,NA,1,NA,NA,NA,NA,NA
raio 10,NA,NA,NA,NA,NA,NA,1,NA,NA,NA,NA,NA
raio 11,NA,NA,NA,NA,NA,NA,1,NA,NA,NA,NA,NA
raio 12,NA,NA,NA,NA,NA,NA,1,NA,NA,NA,NA,NA
raio 13,NA,NA,NA,NA,NA,NA,1,NA,NA,NA,NA,NA
raio 14,NA,NA,NA,NA,NA,NA,1,NA,NA,NA,NA,NA
raio 15,NA,NA,NA,NA,NA,NA,1,NA,NA,NA,NA,NA
raio 16,NA,NA,NA,NA,NA,NA,1,NA,NA,NA,NA,NA
raio 17,NA,NA,NA,NA,NA,NA,1,NA,NA,NA,NA,NA
raio 18,NA,NA,NA,NA,NA,NA,1,NA,NA,NA,NA,NA
raio 19,NA,NA,NA,NA,NA,NA,1,NA,NA,NA,NA,NA
raio 20,NA,NA,NA,NA,NA,NA,1,NA,NA,NA,NA,NA
0flecha para cima,NA,NA,NA,NA,NA,NA,1,NA,NA,NA,NA,NA
flecha para cima 1,NA,NA,NA,NA,NA,NA,1,NA,NA,NA,NA,NA
flecha para cima 2,NA,NA,NA,NA,NA,NA,1,NA,NA,NA,NA,NA
3flecha para cima,NA,NA,NA,NA,NA,NA,1,NA,NA,NA,NA,NA
4flecha para cima,NA,NA,NA,NA,NA,NA,1,NA,NA,NA,NA,NA
flecha para cima 5,NA,NA,NA,NA,NA,NA,1,NA,NA,NA,NA,NA
flecha para cima 6,NA,NA,NA,NA,NA,NA,1,NA,NA,NA,NA,NA
6 flecha pra cima,NA,NA,NA,NA,NA,NA,1,NA,NA,NA,NA,NA
flecha para cima 7,NA,NA,NA,NA,NA,NA,1,NA,NA,NA,NA,NA
8flecha para cima,NA,NA,NA,NA,NA,NA,1,NA,NA,NA,NA,NA
9flecha para cima,NA,NA,NA,NA,NA,NA,1,NA,NA,NA,NA,NA
10flecha para cima,NA,NA,NA,NA,NA,NA,1,NA,NA,NA,NA,NA
flecha para cima 11,NA,NA,NA,NA,NA,NA,1,NA,NA,NA,NA,NA
flecha para cima 12,NA,NA,NA,NA,NA,NA,1,NA,NA,NA,NA,NA
flecha para cima 13,NA,NA,NA,NA,NA,NA,1,NA,NA,NA,NA,NA
flecha para cima 14,NA,NA,NA,NA,NA,NA,1,NA,NA,NA,NA,NA
flecha para cima 15,NA,NA,NA,NA,NA,NA,1,NA,NA,NA,NA,NA
flecha para cima 16,NA,NA,NA,NA,NA,NA,1,NA,NA,NA,NA,NA
flecha para cima 17,NA,NA,NA,NA,NA,NA,1,NA,NA,NA,NA,NA
flecha para cima 18,NA,NA,NA,NA,NA,NA,1,NA,NA,NA,NA,NA
flecha para cima 19,NA,NA,NA,NA,NA,NA,1,NA,NA,NA,NA,NA
flecha para cima 20,NA,NA,NA,NA,NA,NA,1,NA,NA,NA,NA,NA
flecha para baixo 1,NA,NA,NA,NA,NA,NA,1,NA,NA,NA,NA,NA
flecha para baixo 2,NA,NA,NA,NA,NA,NA,1,NA,NA,NA,NA,NA
flecha para baixo 3,NA,NA,NA,NA,NA,NA,1,NA,NA,NA,NA,NA
flecha para baixo 4,NA,NA,NA,NA,NA,NA,1,NA,NA,NA,NA,NA
flecha para baixo 5,NA,NA,NA,NA,NA,NA,1,NA,NA,NA,NA,NA
flecha para baixo 6,NA,NA,NA,NA,NA,NA,1,NA,NA,NA,NA,NA
flecha para baixo 7,NA,NA,NA,NA,NA,NA,1,NA,NA,NA,NA,NA
flecha para baixo 8,NA,NA,NA,NA,NA,NA,1,NA,NA,NA,NA,NA
flecha para baixo 9,NA,NA,NA,NA,NA,NA,1,NA,NA,NA,NA,NA
flecha para baixo 10,NA,NA,NA,NA,NA,NA,1,NA,NA,NA,NA,NA
flecha para baixo 11,NA,NA,NA,NA,NA,NA,1,NA,NA,NA,NA,NA
flecha para baixo 12,NA,NA,NA,NA,NA,NA,1,NA,NA,NA,NA,NA
flecha para baixo 13,NA,NA,NA,NA,NA,NA,1,NA,NA,NA,NA,NA
flecha para baixo 14,NA,NA,NA,NA,NA,NA,1,NA,NA,NA,NA,NA
flecha para baixo 15,NA,NA,NA,NA,NA,NA,1,NA,NA,NA,NA,NA
flecha para baixo 16,NA,NA,NA,NA,NA,NA,1,NA,NA,NA,NA,NA
flecha para baixo 17,NA,NA,NA,NA,NA,NA,1,NA,NA,NA,NA,NA
flecha para baixo 18,NA,NA,NA,NA,NA,NA,1,NA,NA,NA,NA,NA
flecha para baixo 19,NA,NA,NA,NA,NA,NA,1,NA,NA,NA,NA,NA
flecha para baixo 20,NA,NA,NA,NA,NA,NA,1,NA,NA,NA,NA,NA
0 tartaruga,NA,NA,NA,NA,NA,NA,1,NA,NA,NA,NA,NA
tartaruga 1,NA,NA,NA,NA,NA,NA,1,NA,NA,NA,NA,NA
tartaruga 2,NA,NA,NA,NA,NA,NA,1,NA,NA,NA,NA,NA
tartaruga 3,NA,NA,NA,NA,NA,NA,1,NA,NA,NA,NA,NA
4 tartaruga,NA,NA,NA,NA,NA,NA,1,NA,NA,NA,NA,NA
tartaruga 5,NA,NA,NA,NA,NA,NA,1,NA,NA,NA,NA,NA
tartaruga 6,NA,NA,NA,NA,NA,NA,1,NA,NA,NA,NA,NA
tartaruga 7,NA,NA,NA,NA,NA,NA,1,NA,NA,NA,NA,NA
tartaruga 8,NA,NA,NA,NA,NA,NA,1,NA,NA,NA,NA,NA
9tartaruga,NA,NA,NA,NA,NA,NA,1,NA,NA,NA,NA,NA
tartaruga 10,NA,NA,NA,NA,NA,NA,1,NA,NA,NA,NA,NA
tartaruga 11,NA,NA,NA,NA,NA,NA,1,NA,NA,NA,NA,NA
tartaruga 12,NA,NA,NA,NA,NA,NA,1,NA,NA,NA,NA,NA
tartaruga 13,NA,NA,NA,NA,NA,NA,1,NA,NA,NA,NA,NA
tartaruga 14,NA,NA,NA,NA,NA,NA,1,NA,NA,NA,NA,NA
tartaruga 15,NA,NA,NA,NA,NA,NA,1,NA,NA,NA,NA,NA
tartaruga 16,NA,NA,NA,NA,NA,NA,1,NA,NA,NA,NA,NA
tartaruga 17,NA,NA,NA,NA,NA,NA,1,NA,NA,NA,NA,NA
tartaruga 18,NA,NA,NA,NA,NA,NA,1,NA,NA,NA,NA,NA
tartaruga 19,NA,NA,NA,NA,NA,NA,1,NA,NA,NA,NA,NA
tartaruga 20,NA,NA,NA,NA,NA,NA,1,NA,NA,NA,NA,NA
...0,NA,NA,NA,NA,NA,NA,1,NA,NA,NA,NA,NA
...1,NA,NA,NA,NA,NA,NA,1,NA,NA,NA,NA,NA
1…,NA,NA,NA,NA,NA,NA,1,NA,NA,NA,NA,NA
...2,NA,NA,NA,NA,NA,NA,1,NA,NA,NA,NA,NA
...3,NA,NA,NA,NA,NA,NA,1,NA,NA,NA,NA,NA
3...,NA,NA,NA,NA,NA,NA,1,NA,NA,NA,NA,NA
...4,NA,NA,NA,NA,NA,NA,1,NA,NA,NA,NA,NA
...5,NA,NA,NA,NA,NA,NA,1,NA,NA,NA,NA,NA
6...,NA,NA,NA,NA,NA,NA,1,NA,NA,NA,NA,NA
...6,NA,NA,NA,NA,NA,NA,1,NA,NA,NA,NA,NA
7...,NA,NA,NA,NA,NA,NA,1,NA,NA,NA,NA,NA
...7,NA,NA,NA,NA,NA,NA,1,NA,NA,NA,NA,NA
...8,NA,NA,NA,NA,NA,NA,1,NA,NA,NA,NA,NA
...9,NA,NA,NA,NA,NA,NA,1,NA,NA,NA,NA,NA
9...,NA,NA,NA,NA,NA,NA,1,NA,NA,NA,NA,NA
...10,NA,NA,NA,NA,NA,NA,1,NA,NA,NA,NA,NA
...11,NA,NA,NA,NA,NA,NA,1,NA,NA,NA,NA,NA
...12,NA,NA,NA,NA,NA,NA,1,NA,NA,NA,NA,NA
...13,NA,NA,NA,NA,NA,NA,1,NA,NA,NA,NA,NA
...14,NA,NA,NA,NA,NA,NA,1,NA,NA,NA,NA,NA
...15,NA,NA,NA,NA,NA,NA,1,NA,NA,NA,NA,NA
...16,NA,NA,NA,NA,NA,NA,1,NA,NA,NA,NA,NA
...17,NA,NA,NA,NA,NA,NA,1,NA,NA,NA,NA,NA
...18,NA,NA,NA,NA,NA,NA,1,NA,NA,NA,NA,NA
...19,NA,NA,NA,NA,NA,NA,1,NA,NA,NA,NA,NA
...20,NA,NA,NA,NA,NA,NA,1,NA,NA,NA,NA,NA
1A,NA,NA,NA,NA,NA,NA,NA,1,NA,NA,NA,NA
2A,NA,NA,NA,NA,NA,NA,NA,1,NA,NA,NA,NA
3A,NA,NA,NA,NA,NA,NA,NA,1,NA,NA,NA,NA
4A,NA,NA,NA,NA,NA,NA,NA,1,NA,NA,NA,NA
5A,NA,NA,NA,NA,NA,NA,NA,1,NA,NA,NA,NA
6A,NA,NA,NA,NA,NA,NA,NA,1,NA,NA,NA,NA
7A,NA,NA,NA,NA,NA,NA,NA,1,NA,NA,NA,NA
8A,NA,NA,NA,NA,NA,NA,NA,1,NA,NA,NA,NA
9A,NA,NA,NA,NA,NA,NA,NA,1,NA,NA,NA,NA
0A,NA,NA,NA,NA,NA,NA,NA,1,NA,NA,NA,NA
1B,NA,NA,NA,NA,NA,NA,NA,1,NA,NA,NA,NA
2B,NA,NA,NA,NA,NA,NA,NA,1,NA,NA,NA,NA
3B,NA,NA,NA,NA,NA,NA,NA,1,NA,NA,NA,NA
4B,NA,NA,NA,NA,NA,NA,NA,1,NA,NA,NA,NA
5B,NA,NA,NA,NA,NA,NA,NA,1,NA,NA,NA,NA
6B,NA,NA,NA,NA,NA,NA,NA,1,NA,NA,NA,NA
7B,NA,NA,NA,NA,NA,NA,NA,1,NA,NA,NA,NA
8B,NA,NA,NA,NA,NA,NA,NA,1,NA,NA,NA,NA
9B,NA,NA,NA,NA,NA,NA,NA,1,NA,NA,NA,NA
0B,NA,NA,NA,NA,NA,NA,NA,1,NA,NA,NA,NA
1C,NA,NA,NA,NA,NA,NA,NA,1,NA,NA,NA,NA
2C,NA,NA,NA,NA,NA,NA,NA,1,NA,NA,NA,NA
3C,NA,NA,NA,NA,NA,NA,NA,1,NA,NA,NA,NA
4C,NA,NA,NA,NA,NA,NA,NA,1,NA,NA,NA,NA
5C,NA,NA,NA,NA,NA,NA,NA,1,NA,NA,NA,NA
6C,NA,NA,NA,NA,NA,NA,NA,1,NA,NA,NA,NA
7C,NA,NA,NA,NA,NA,NA,NA,1,NA,NA,NA,NA
8C,NA,NA,NA,NA,NA,NA,NA,1,NA,NA,NA,NA
9C,NA,NA,NA,NA,NA,NA,NA,1,NA,NA,NA,NA
0C,NA,NA,NA,NA,NA,NA,NA,1,NA,NA,NA,NA
1D,NA,NA,NA,NA,NA,NA,NA,1,NA,NA,NA,NA
2D,NA,NA,NA,NA,NA,NA,NA,1,NA,NA,NA,NA
3D,NA,NA,NA,NA,NA,NA,NA,1,NA,NA,NA,NA
4D,NA,NA,NA,NA,NA,NA,NA,1,NA,NA,NA,NA
5D,NA,NA,NA,NA,NA,NA,NA,1,NA,NA,NA,NA
6D,NA,NA,NA,NA,NA,NA,NA,1,NA,NA,NA,NA
7D,NA,NA,NA,NA,NA,NA,NA,1,NA,NA,NA,NA
8D,NA,NA,NA,NA,NA,NA,NA,1,NA,NA,NA,NA
9D,NA,NA,NA,NA,NA,NA,NA,1,NA,NA,NA,NA
0D,NA,NA,NA,NA,NA,NA,NA,1,NA,NA,NA,NA
1E,NA,NA,NA,NA,NA,NA,NA,1,NA,NA,NA,NA
2E,NA,NA,NA,NA,NA,NA,NA,1,NA,NA,NA,NA
3E,NA,NA,NA,NA,NA,NA,NA,1,NA,NA,NA,NA
4E,NA,NA,NA,NA,NA,NA,NA,1,NA,NA,NA,NA
5E,NA,NA,NA,NA,NA,NA,NA,1,NA,NA,NA,NA
6E,NA,NA,NA,NA,NA,NA,NA,1,NA,NA,NA,NA
7E,NA,NA,NA,NA,NA,NA,NA,1,NA,NA,NA,NA
8E,NA,NA,NA,NA,NA,NA,NA,1,NA,NA,NA,NA
9E,NA,NA,NA,NA,NA,NA,NA,1,NA,NA,NA,NA
0E,NA,NA,NA,NA,NA,NA,NA,1,NA,NA,NA,NA
1F,NA,NA,NA,NA,NA,NA,NA,1,NA,NA,NA,NA
2F,NA,NA,NA,NA,NA,NA,NA,1,NA,NA,NA,NA
3F,NA,NA,NA,NA,NA,NA,NA,1,NA,NA,NA,NA
4F,NA,NA,NA,NA,NA,NA,NA,1,NA,NA,NA,NA
5F,NA,NA,NA,NA,NA,NA,NA,1,NA,NA,NA,NA
6F,NA,NA,NA,NA,NA,NA,NA,1,NA,NA,NA,NA
7F,NA,NA,NA,NA,NA,NA,NA,1,NA,NA,NA,NA
8F,NA,NA,NA,NA,NA,NA,NA,1,NA,NA,NA,NA
9F,NA,NA,NA,NA,NA,NA,NA,1,NA,NA,NA,NA
0F,NA,NA,NA,NA,NA,NA,NA,1,NA,NA,NA,NA
1G,NA,NA,NA,NA,NA,NA,NA,1,NA,NA,NA,NA
2G,NA,NA,NA,NA,NA,NA,NA,1,NA,NA,NA,NA
3G,NA,NA,NA,NA,NA,NA,NA,1,NA,NA,NA,NA
4G,NA,NA,NA,NA,NA,NA,NA,1,NA,NA,NA,NA
5G,NA,NA,NA,NA,NA,NA,NA,1,NA,NA,NA,NA
6G,NA,NA,NA,NA,NA,NA,NA,1,NA,NA,NA,NA
7G,NA,NA,NA,NA,NA,NA,NA,1,NA,NA,NA,NA
8G,NA,NA,NA,NA,NA,NA,NA,1,NA,NA,NA,NA
9G,NA,NA,NA,NA,NA,NA,NA,1,NA,NA,NA,NA
0G,NA,NA,NA,NA,NA,NA,NA,1,NA,NA,NA,NA
1H,NA,NA,NA,NA,NA,NA,NA,1,NA,NA,NA,NA
2H,NA,NA,NA,NA,NA,NA,NA,1,NA,NA,NA,NA
3H,NA,NA,NA,NA,NA,NA,NA,1,NA,NA,NA,NA
4H,NA,NA,NA,NA,NA,NA,NA,1,NA,NA,NA,NA
5H,NA,NA,NA,NA,NA,NA,NA,1,NA,NA,NA,NA
6H,NA,NA,NA,NA,NA,NA,NA,1,NA,NA,NA,NA
7H,NA,NA,NA,NA,NA,NA,NA,1,NA,NA,NA,NA
8H,NA,NA,NA,NA,NA,NA,NA,1,NA,NA,NA,NA
9H,NA,NA,NA,NA,NA,NA,NA,1,NA,NA,NA,NA
0H,NA,NA,NA,NA,NA,NA,NA,1,NA,NA,NA,NA
1I,NA,NA,NA,NA,NA,NA,NA,1,NA,NA,NA,NA
2I,NA,NA,NA,NA,NA,NA,NA,NA,1,NA,NA,NA
3I,NA,NA,NA,NA,NA,NA,NA,NA,1,NA,NA,NA
4I,NA,NA,NA,NA,NA,NA,NA,NA,1,NA,NA,NA
5I,NA,NA,NA,NA,NA,NA,NA,NA,1,NA,NA,NA
6I,NA,NA,NA,NA,NA,NA,NA,NA,1,NA,NA,NA
7I,NA,NA,NA,NA,NA,NA,NA,NA,1,NA,NA,NA
8I,NA,NA,NA,NA,NA,NA,NA,NA,1,NA,NA,NA
9I,NA,NA,NA,NA,NA,NA,NA,NA,1,NA,NA,NA
0I,NA,NA,NA,NA,NA,NA,NA,NA,1,NA,NA,NA
1J,NA,NA,NA,NA,NA,NA,NA,NA,1,NA,NA,NA
2J,NA,NA,NA,NA,NA,NA,NA,NA,1,NA,NA,NA
3J,NA,NA,NA,NA,NA,NA,NA,NA,1,NA,NA,NA
4J,NA,NA,NA,NA,NA,NA,NA,NA,1,NA,NA,NA
5J,NA,NA,NA,NA,NA,NA,NA,NA,1,NA,NA,NA
6J,NA,NA,NA,NA,NA,NA,NA,NA,1,NA,NA,NA
7J,NA,NA,NA,NA,NA,NA,NA,NA,1,NA,NA,NA
8J,NA,NA,NA,NA,NA,NA,NA,NA,1,NA,NA,NA
9J,NA,NA,NA,NA,NA,NA,NA,NA,1,NA,NA,NA
0J,NA,NA,NA,NA,NA,NA,NA,NA,1,NA,NA,NA
1K,NA,NA,NA,NA,NA,NA,NA,NA,1,NA,NA,NA
2K,NA,NA,NA,NA,NA,NA,NA,NA,1,NA,NA,NA
3K,NA,NA,NA,NA,NA,NA,NA,NA,1,NA,NA,NA
4K,NA,NA,NA,NA,NA,NA,NA,NA,1,NA,NA,NA
5K,NA,NA,NA,NA,NA,NA,NA,NA,1,NA,NA,NA
6K,NA,NA,NA,NA,NA,NA,NA,NA,1,NA,NA,NA
7K,NA,NA,NA,NA,NA,NA,NA,NA,1,NA,NA,NA
8K,NA,NA,NA,NA,NA,NA,NA,NA,1,NA,NA,NA
9K,NA,NA,NA,NA,NA,NA,NA,NA,1,NA,NA,NA
0K,NA,NA,NA,NA,NA,NA,NA,NA,1,NA,NA,NA
1L,NA,NA,NA,NA,NA,NA,NA,NA,1,NA,NA,NA
2L,NA,NA,NA,NA,NA,NA,NA,NA,1,NA,NA,NA
3L,NA,NA,NA,NA,NA,NA,NA,NA,1,NA,NA,NA
4L,NA,NA,NA,NA,NA,NA,NA,NA,1,NA,NA,NA
5L,NA,NA,NA,NA,NA,NA,NA,NA,1,NA,NA,NA
6L,NA,NA,NA,NA,NA,NA,NA,NA,1,NA,NA,NA
7L,NA,NA,NA,NA,NA,NA,NA,NA,1,NA,NA,NA
8L,NA,NA,NA,NA,NA,NA,NA,NA,1,NA,NA,NA
9L,NA,NA,NA,NA,NA,NA,NA,NA,1,NA,NA,NA
0L,NA,NA,NA,NA,NA,NA,NA,NA,1,NA,NA,NA
1M,NA,NA,NA,NA,NA,NA,NA,NA,1,NA,NA,NA
2M,NA,NA,NA,NA,NA,NA,NA,NA,1,NA,NA,NA
3M,NA,NA,NA,NA,NA,NA,NA,NA,1,NA,NA,NA
4M,NA,NA,NA,NA,NA,NA,NA,NA,1,NA,NA,NA
5M,NA,NA,NA,NA,NA,NA,NA,NA,1,NA,NA,NA
(M6),NA,NA,NA,NA,NA,NA,NA,NA,1,NA,NA,NA
7M,NA,NA,NA,NA,NA,NA,NA,NA,1,NA,NA,NA
8M,NA,NA,NA,NA,NA,NA,NA,NA,1,NA,NA,NA
9M,NA,NA,NA,NA,NA,NA,NA,NA,1,NA,NA,NA
0M,NA,NA,NA,NA,NA,NA,NA,NA,1,NA,NA,NA
1N,NA,NA,NA,NA,NA,NA,NA,NA,1,NA,NA,NA
2N,NA,NA,NA,NA,NA,NA,NA,NA,1,NA,NA,NA
3N,NA,NA,NA,NA,NA,NA,NA,NA,1,NA,NA,NA
4N,NA,NA,NA,NA,NA,NA,NA,NA,1,NA,NA,NA
5N,NA,NA,NA,NA,NA,NA,NA,NA,1,NA,NA,NA
6N,NA,NA,NA,NA,NA,NA,NA,NA,1,NA,NA,NA
7N,NA,NA,NA,NA,NA,NA,NA,NA,1,NA,NA,NA
8N,NA,NA,NA,NA,NA,NA,NA,NA,1,NA,NA,NA
9N,NA,NA,NA,NA,NA,NA,NA,NA,1,NA,NA,NA
10N,NA,NA,NA,NA,NA,NA,NA,NA,1,NA,NA,NA
0N,NA,NA,NA,NA,NA,NA,NA,NA,1,NA,NA,NA
1O,NA,NA,NA,NA,NA,NA,NA,NA,1,NA,NA,NA
2O,NA,NA,NA,NA,NA,NA,NA,NA,1,NA,NA,NA
3O,NA,NA,NA,NA,NA,NA,NA,NA,1,NA,NA,NA
4O,NA,NA,NA,NA,NA,NA,NA,NA,1,NA,NA,NA
5O,NA,NA,NA,NA,NA,NA,NA,NA,1,NA,NA,NA
6O,NA,NA,NA,NA,NA,NA,NA,NA,1,NA,NA,NA
7O,NA,NA,NA,NA,NA,NA,NA,NA,1,NA,NA,NA
8O,NA,NA,NA,NA,NA,NA,NA,NA,1,NA,NA,NA
9O,NA,NA,NA,NA,NA,NA,NA,NA,1,NA,NA,NA
0O,NA,NA,NA,NA,NA,NA,NA,NA,1,NA,NA,NA
1P,NA,NA,NA,NA,NA,NA,NA,NA,1,NA,NA,NA
2P,NA,NA,NA,NA,NA,NA,NA,NA,1,NA,NA,NA
3P,NA,NA,NA,NA,NA,NA,NA,NA,1,NA,NA,NA
4P,NA,NA,NA,NA,NA,NA,NA,NA,1,NA,NA,NA
5P,NA,NA,NA,NA,NA,NA,NA,NA,1,NA,NA,NA
6P,NA,NA,NA,NA,NA,NA,NA,NA,1,NA,NA,NA
7P,NA,NA,NA,NA,NA,NA,NA,NA,1,NA,NA,NA
8P,NA,NA,NA,NA,NA,NA,NA,NA,1,NA,NA,NA
9P,NA,NA,NA,NA,NA,NA,NA,NA,1,NA,NA,NA
0P,NA,NA,NA,NA,NA,NA,NA,NA,1,NA,NA,NA
1Q,NA,NA,NA,NA,NA,NA,NA,NA,1,NA,NA,NA
(Q2),NA,NA,NA,NA,NA,NA,NA,NA,1,NA,NA,NA
3Q,NA,NA,NA,NA,NA,NA,NA,NA,1,NA,NA,NA
4Q,NA,NA,NA,NA,NA,NA,NA,NA,1,NA,NA,NA
5Q,NA,NA,NA,NA,NA,NA,NA,NA,1,NA,NA,NA
(Q6),NA,NA,NA,NA,NA,NA,NA,NA,1,NA,NA,NA
7Q,NA,NA,NA,NA,NA,NA,NA,NA,1,NA,NA,NA
8Q,NA,NA,NA,NA,NA,NA,NA,NA,1,NA,NA,NA
9Q,NA,NA,NA,NA,NA,NA,NA,NA,1,NA,NA,NA
(Q0),NA,NA,NA,NA,NA,NA,NA,NA,1,NA,NA,NA
1R,NA,NA,NA,NA,NA,NA,NA,NA,1,NA,NA,NA
2R,NA,NA,NA,NA,NA,NA,NA,NA,1,NA,NA,NA
3R,NA,NA,NA,NA,NA,NA,NA,NA,1,NA,NA,NA
4R,NA,NA,NA,NA,NA,NA,NA,NA,1,NA,NA,NA
5R,NA,NA,NA,NA,NA,NA,NA,NA,1,NA,NA,NA
6R,NA,NA,NA,NA,NA,NA,NA,NA,1,NA,NA,NA
7R,NA,NA,NA,NA,NA,NA,NA,NA,1,NA,NA,NA
8R,NA,NA,NA,NA,NA,NA,NA,NA,1,NA,NA,NA
(R9),NA,NA,NA,NA,NA,NA,NA,NA,1,NA,NA,NA
0R,NA,NA,NA,NA,NA,NA,NA,NA,1,NA,NA,NA
1S,NA,NA,NA,NA,NA,NA,NA,NA,1,NA,NA,NA
2S,NA,NA,NA,NA,NA,NA,NA,NA,1,NA,NA,NA
3S,NA,NA,NA,NA,NA,NA,NA,NA,1,NA,NA,NA
4S,NA,NA,NA,NA,NA,NA,NA,NA,1,NA,NA,NA
5S,NA,NA,NA,NA,NA,NA,NA,NA,1,NA,NA,NA
6S,NA,NA,NA,NA,NA,NA,NA,NA,1,NA,NA,NA
7S,NA,NA,NA,NA,NA,NA,NA,NA,1,NA,NA,NA
8S,NA,NA,NA,NA,NA,NA,NA,NA,1,NA,NA,NA
9S,NA,NA,NA,NA,NA,NA,NA,NA,1,NA,NA,NA
0S,NA,NA,NA,NA,NA,NA,NA,NA,1,NA,NA,NA
1T,NA,NA,NA,NA,NA,NA,NA,NA,1,NA,NA,NA
2T,NA,NA,NA,NA,NA,NA,NA,NA,1,NA,NA,NA
3T,NA,NA,NA,NA,NA,NA,NA,NA,1,NA,NA,NA
4T,NA,NA,NA,NA,NA,NA,NA,NA,1,NA,NA,NA
5T,NA,NA,NA,NA,NA,NA,NA,NA,1,NA,NA,NA
6T,NA,NA,NA,NA,NA,NA,NA,NA,1,NA,NA,NA
7T,NA,NA,NA,NA,NA,NA,NA,NA,1,NA,NA,NA
8T,NA,NA,NA,NA,NA,NA,NA,NA,1,NA,NA,NA
9T,NA,NA,NA,NA,NA,NA,NA,NA,1,NA,NA,NA
0T,NA,NA,NA,NA,NA,NA,NA,NA,1,NA,NA,NA
1>,NA,NA,NA,NA,NA,NA,NA,NA,NA,1,NA,NA
>1,NA,NA,NA,NA,NA,NA,NA,NA,NA,1,NA,NA
2>,NA,NA,NA,NA,NA,NA,NA,NA,NA,1,NA,NA
>3,NA,NA,NA,NA,NA,NA,NA,NA,NA,1,NA,NA
4>,NA,NA,NA,NA,NA,NA,NA,NA,NA,1,NA,NA
>5,NA,NA,NA,NA,NA,NA,NA,NA,NA,1,NA,NA
>6,NA,NA,NA,NA,NA,NA,NA,NA,NA,1,NA,NA
>7,NA,NA,NA,NA,NA,NA,NA,NA,NA,1,NA,NA
8>,NA,NA,NA,NA,NA,NA,NA,NA,NA,1,NA,NA
>9,NA,NA,NA,NA,NA,NA,NA,NA,NA,1,NA,NA
>10,NA,NA,NA,NA,NA,NA,NA,NA,NA,1,NA,NA
>11,NA,NA,NA,NA,NA,NA,NA,NA,NA,1,NA,NA
>12,NA,NA,NA,NA,NA,NA,NA,NA,NA,1,NA,NA
>13,NA,NA,NA,NA,NA,NA,NA,NA,NA,1,NA,NA
>14,NA,NA,NA,NA,NA,NA,NA,NA,NA,1,NA,NA
>15,NA,NA,NA,NA,NA,NA,NA,NA,NA,1,NA,NA
>16,NA,NA,NA,NA,NA,NA,NA,NA,NA,1,NA,NA
>17,NA,NA,NA,NA,NA,NA,NA,NA,NA,1,NA,NA
>18,NA,NA,NA,NA,NA,NA,NA,NA,NA,1,NA,NA
>19,NA,NA,NA,NA,NA,NA,NA,NA,NA,1,NA,NA
>20,NA,NA,NA,NA,NA,NA,NA,NA,NA,1,NA,NA
0 Tlado,NA,NA,NA,NA,NA,NA,NA,NA,NA,1,NA,NA
T de lado,NA,NA,NA,NA,NA,NA,NA,NA,NA,1,NA,NA
1T de lado,NA,NA,NA,NA,NA,NA,NA,NA,NA,1,NA,NA
T de lado 2,NA,NA,NA,NA,NA,NA,NA,NA,NA,1,NA,NA
T de lado 3,NA,NA,NA,NA,NA,NA,NA,NA,NA,1,NA,NA
T de lado 4,NA,NA,NA,NA,NA,NA,NA,NA,NA,1,NA,NA
T de lado 5,NA,NA,NA,NA,NA,NA,NA,NA,NA,1,NA,NA
6T de lado,NA,NA,NA,NA,NA,NA,NA,NA,NA,1,NA,NA
7 T de lado,NA,NA,NA,NA,NA,NA,NA,NA,NA,1,NA,NA
T de lado 7,NA,NA,NA,NA,NA,NA,NA,NA,NA,1,NA,NA
T de lado 8,NA,NA,NA,NA,NA,NA,NA,NA,NA,1,NA,NA
9T de lado,NA,NA,NA,NA,NA,NA,NA,NA,NA,1,NA,NA
T de lado 10,NA,NA,NA,NA,NA,NA,NA,NA,NA,1,NA,NA
T de lado 11,NA,NA,NA,NA,NA,NA,NA,NA,NA,1,NA,NA
T de lado 12,NA,NA,NA,NA,NA,NA,NA,NA,NA,1,NA,NA
T de lado 13,NA,NA,NA,NA,NA,NA,NA,NA,NA,1,NA,NA
T de lado 14,NA,NA,NA,NA,NA,NA,NA,NA,NA,1,NA,NA
T de lado 15,NA,NA,NA,NA,NA,NA,NA,NA,NA,1,NA,NA
T de lado 16,NA,NA,NA,NA,NA,NA,NA,NA,NA,1,NA,NA
T de lado 17,NA,NA,NA,NA,NA,NA,NA,NA,NA,1,NA,NA
T de lado 18,NA,NA,NA,NA,NA,NA,NA,NA,NA,1,NA,NA
T de lado 19,NA,NA,NA,NA,NA,NA,NA,NA,NA,1,NA,NA
T de lado 20,NA,NA,NA,NA,NA,NA,NA,NA,NA,1,NA,NA
1tartaruga ao contrário,NA,NA,NA,NA,NA,NA,NA,NA,NA,1,NA,NA
tartaruga ao contrário 2,NA,NA,NA,NA,NA,NA,NA,NA,NA,1,NA,NA
3tartaruga ao contrário,NA,NA,NA,NA,NA,NA,NA,NA,NA,1,NA,NA
4tartaruga ao contrário,NA,NA,NA,NA,NA,NA,NA,NA,NA,1,NA,NA
5 tartaruga ao contrário,NA,NA,NA,NA,NA,NA,NA,NA,NA,1,NA,NA
tartaruga ao contrário 5,NA,NA,NA,NA,NA,NA,NA,NA,NA,1,NA,NA
tartaruga ao contrário 6,NA,NA,NA,NA,NA,NA,NA,NA,NA,1,NA,NA
tartaruga ao contrário 7,NA,NA,NA,NA,NA,NA,NA,NA,NA,1,NA,NA
tartaruga ao contrário 8,NA,NA,NA,NA,NA,NA,NA,NA,NA,1,NA,NA
tartaruga ao contrário 9,NA,NA,NA,NA,NA,NA,NA,NA,NA,1,NA,NA
10tartaruga ao contrário,NA,NA,NA,NA,NA,NA,NA,NA,NA,1,NA,NA
tartaruga ao contrário 11,NA,NA,NA,NA,NA,NA,NA,NA,NA,1,NA,NA
tartaruga ao contrário 12,NA,NA,NA,NA,NA,NA,NA,NA,NA,1,NA,NA
tartaruga ao contrário 13,NA,NA,NA,NA,NA,NA,NA,NA,NA,1,NA,NA
tartaruga ao contrário 14,NA,NA,NA,NA,NA,NA,NA,NA,NA,1,NA,NA
tartaruga ao contrário 15,NA,NA,NA,NA,NA,NA,NA,NA,NA,1,NA,NA
tartaruga ao contrário 16,NA,NA,NA,NA,NA,NA,NA,NA,NA,1,NA,NA
tartaruga ao contrário 17,NA,NA,NA,NA,NA,NA,NA,NA,NA,1,NA,NA
tartaruga ao contrário 18,NA,NA,NA,NA,NA,NA,NA,NA,NA,1,NA,NA
tartaruga ao contrário 19,NA,NA,NA,NA,NA,NA,NA,NA,NA,1,NA,NA
tartaruga ao contrário 20,NA,NA,NA,NA,NA,NA,NA,NA,NA,1,NA,NA
<1,NA,NA,NA,NA,NA,NA,NA,NA,NA,1,NA,NA
<2,NA,NA,NA,NA,NA,NA,NA,NA,NA,1,NA,NA
3<,NA,NA,NA,NA,NA,NA,NA,NA,NA,1,NA,NA
<4,NA,NA,NA,NA,NA,NA,NA,NA,NA,1,NA,NA
<5,NA,NA,NA,NA,NA,NA,NA,NA,NA,1,NA,NA
<6,NA,NA,NA,NA,NA,NA,NA,NA,NA,1,NA,NA
<7,NA,NA,NA,NA,NA,NA,NA,NA,NA,1,NA,NA
<8,NA,NA,NA,NA,NA,NA,NA,NA,NA,1,NA,NA
9<,NA,NA,NA,NA,NA,NA,NA,NA,NA,1,NA,NA
10<,NA,NA,NA,NA,NA,NA,NA,NA,NA,1,NA,NA
<11,NA,NA,NA,NA,NA,NA,NA,NA,NA,1,NA,NA
<12,NA,NA,NA,NA,NA,NA,NA,NA,NA,1,NA,NA
<13,NA,NA,NA,NA,NA,NA,NA,NA,NA,1,NA,NA
<14,NA,NA,NA,NA,NA,NA,NA,NA,NA,1,NA,NA
<15,NA,NA,NA,NA,NA,NA,NA,NA,NA,1,NA,NA
<16,NA,NA,NA,NA,NA,NA,NA,NA,NA,1,NA,NA
<17,NA,NA,NA,NA,NA,NA,NA,NA,NA,1,NA,NA
<18,NA,NA,NA,NA,NA,NA,NA,NA,NA,1,NA,NA
<19,NA,NA,NA,NA,NA,NA,NA,NA,NA,1,NA,NA
<0,NA,NA,NA,NA,NA,NA,NA,NA,NA,1,NA,NA
0gota,NA,NA,NA,NA,NA,NA,NA,NA,NA,1,NA,NA
gota 1,NA,NA,NA,NA,NA,NA,NA,NA,NA,1,NA,NA
2gota,NA,NA,NA,NA,NA,NA,NA,NA,NA,1,NA,NA
gota 3,NA,NA,NA,NA,NA,NA,NA,NA,NA,1,NA,NA
gota 4,NA,NA,NA,NA,NA,NA,NA,NA,NA,1,NA,NA
5gota,NA,NA,NA,NA,NA,NA,NA,NA,NA,1,NA,NA
gota 6,NA,NA,NA,NA,NA,NA,NA,NA,NA,1,NA,NA
6gota,NA,NA,NA,NA,NA,NA,NA,NA,NA,1,NA,NA
gota 7,NA,NA,NA,NA,NA,NA,NA,NA,NA,1,NA,NA
8gota,NA,NA,NA,NA,NA,NA,NA,NA,NA,1,NA,NA
gota 9,NA,NA,NA,NA,NA,NA,NA,NA,NA,1,NA,NA
9 gota,NA,NA,NA,NA,NA,NA,NA,NA,NA,1,NA,NA
gota 10,NA,NA,NA,NA,NA,NA,NA,NA,NA,1,NA,NA
gota 11,NA,NA,NA,NA,NA,NA,NA,NA,NA,1,NA,NA
gota 12,NA,NA,NA,NA,NA,NA,NA,NA,NA,1,NA,NA
gota 13,NA,NA,NA,NA,NA,NA,NA,NA,NA,1,NA,NA
gota 14,NA,NA,NA,NA,NA,NA,NA,NA,NA,1,NA,NA
gota 15,NA,NA,NA,NA,NA,NA,NA,NA,NA,1,NA,NA
gota 16,NA,NA,NA,NA,NA,NA,NA,NA,NA,1,NA,NA
gota 17,NA,NA,NA,NA,NA,NA,NA,NA,NA,1,NA,NA
gota 18,NA,NA,NA,NA,NA,NA,NA,NA,NA,1,NA,NA
gota 19,NA,NA,NA,NA,NA,NA,NA,NA,NA,1,NA,NA
gota 0,NA,NA,NA,NA,NA,NA,NA,NA,NA,1,NA,NA
1 fêmea,NA,NA,NA,NA,NA,NA,NA,NA,NA,NA,1,NA
fêmea 1,NA,NA,NA,NA,NA,NA,NA,NA,NA,NA,1,NA
2 femea,NA,NA,NA,NA,NA,NA,NA,NA,NA,NA,1,NA
3 fêmea,NA,NA,NA,NA,NA,NA,NA,NA,NA,NA,1,NA
fêmea 3,NA,NA,NA,NA,NA,NA,NA,NA,NA,NA,1,NA
4 fêmea,NA,NA,NA,NA,NA,NA,NA,NA,NA,NA,1,NA
fêmea 4,NA,NA,NA,NA,NA,NA,NA,NA,NA,NA,1,NA
fêmea 5,NA,NA,NA,NA,NA,NA,NA,NA,NA,NA,1,NA
fêmea 6,NA,NA,NA,NA,NA,NA,NA,NA,NA,NA,1,NA
fêmea 7,NA,NA,NA,NA,NA,NA,NA,NA,NA,NA,1,NA
8 femea,NA,NA,NA,NA,NA,NA,NA,NA,NA,NA,1,NA
fêmea 8,NA,NA,NA,NA,NA,NA,NA,NA,NA,NA,1,NA
9 femea,NA,NA,NA,NA,NA,NA,NA,NA,NA,NA,1,NA
fêmea 9,NA,NA,NA,NA,NA,NA,NA,NA,NA,NA,1,NA
fêmea 10,NA,NA,NA,NA,NA,NA,NA,NA,NA,NA,1,NA
fêmea 11,NA,NA,NA,NA,NA,NA,NA,NA,NA,NA,1,NA
fêmea 12,NA,NA,NA,NA,NA,NA,NA,NA,NA,NA,1,NA
fêmea 13,NA,NA,NA,NA,NA,NA,NA,NA,NA,NA,1,NA
fêmea 14,NA,NA,NA,NA,NA,NA,NA,NA,NA,NA,1,NA
fêmea 15,NA,NA,NA,NA,NA,NA,NA,NA,NA,NA,1,NA
fêmea 16,NA,NA,NA,NA,NA,NA,NA,NA,NA,NA,1,NA
fêmea 17,NA,NA,NA,NA,NA,NA,NA,NA,NA,NA,1,NA
fêmea 18,NA,NA,NA,NA,NA,NA,NA,NA,NA,NA,1,NA
fêmea 19,NA,NA,NA,NA,NA,NA,NA,NA,NA,NA,1,NA
fêmea 20,NA,NA,NA,NA,NA,NA,NA,NA,NA,NA,1,NA
quadrado aberto 1,NA,NA,NA,NA,NA,NA,NA,NA,NA,NA,1,NA
2quadrado aberto,NA,NA,NA,NA,NA,NA,NA,NA,NA,NA,1,NA
3quadrado aberto,NA,NA,NA,NA,NA,NA,NA,NA,NA,NA,1,NA
quadrado aberto 4,NA,NA,NA,NA,NA,NA,NA,NA,NA,NA,1,NA
5quadrado aberto,NA,NA,NA,NA,NA,NA,NA,NA,NA,NA,1,NA
quadrado aberto 6,NA,NA,NA,NA,NA,NA,NA,NA,NA,NA,1,NA
quadrado aberto 7,NA,NA,NA,NA,NA,NA,NA,NA,NA,NA,1,NA
8 quadrado aberto,NA,NA,NA,NA,NA,NA,NA,NA,NA,NA,1,NA
quadrado aberto 8,NA,NA,NA,NA,NA,NA,NA,NA,NA,NA,1,NA
quadrado aberto 9,NA,NA,NA,NA,NA,NA,NA,NA,NA,NA,1,NA
quadrado aberto 10,NA,NA,NA,NA,NA,NA,NA,NA,NA,NA,1,NA
quadrado aberto 11,NA,NA,NA,NA,NA,NA,NA,NA,NA,NA,1,NA
quadrado aberto 12,NA,NA,NA,NA,NA,NA,NA,NA,NA,NA,1,NA
quadrado aberto 13,NA,NA,NA,NA,NA,NA,NA,NA,NA,NA,1,NA
quadrado aberto 14,NA,NA,NA,NA,NA,NA,NA,NA,NA,NA,1,NA
quadrado aberto 15,NA,NA,NA,NA,NA,NA,NA,NA,NA,NA,1,NA
quadrado aberto 16,NA,NA,NA,NA,NA,NA,NA,NA,NA,NA,1,NA
quadrado aberto 17,NA,NA,NA,NA,NA,NA,NA,NA,NA,NA,1,NA
quadrado aberto 18,NA,NA,NA,NA,NA,NA,NA,NA,NA,NA,1,NA
quadrado aberto 19,NA,NA,NA,NA,NA,NA,NA,NA,NA,NA,1,NA
quadrado aberto 20,NA,NA,NA,NA,NA,NA,NA,NA,NA,NA,1,NA
1 diferente,NA,NA,NA,NA,NA,NA,NA,NA,NA,NA,1,NA
diferente 2,NA,NA,NA,NA,NA,NA,NA,NA,NA,NA,1,NA
3 diferente,NA,NA,NA,NA,NA,NA,NA,NA,NA,NA,1,NA
diferente 4,NA,NA,NA,NA,NA,NA,NA,NA,NA,NA,1,NA
diferente 5,NA,NA,NA,NA,NA,NA,NA,NA,NA,NA,1,NA
6 diferente,NA,NA,NA,NA,NA,NA,NA,NA,NA,NA,1,NA
7 diferente,NA,NA,NA,NA,NA,NA,NA,NA,NA,NA,1,NA
diferente 7,NA,NA,NA,NA,NA,NA,NA,NA,NA,NA,1,NA
8 diferente,NA,NA,NA,NA,NA,NA,NA,NA,NA,NA,1,NA
diferente 8,NA,NA,NA,NA,NA,NA,NA,NA,NA,NA,1,NA
9 diferente,NA,NA,NA,NA,NA,NA,NA,NA,NA,NA,1,NA
diferente 10,NA,NA,NA,NA,NA,NA,NA,NA,NA,NA,1,NA
diferente 11,NA,NA,NA,NA,NA,NA,NA,NA,NA,NA,1,NA
diferente 12,NA,NA,NA,NA,NA,NA,NA,NA,NA,NA,1,NA
diferente 13,NA,NA,NA,NA,NA,NA,NA,NA,NA,NA,1,NA
diferente 14,NA,NA,NA,NA,NA,NA,NA,NA,NA,NA,1,NA
diferente 15,NA,NA,NA,NA,NA,NA,NA,NA,NA,NA,1,NA
diferente 16,NA,NA,NA,NA,NA,NA,NA,NA,NA,NA,1,NA
diferente 17,NA,NA,NA,NA,NA,NA,NA,NA,NA,NA,1,NA
diferente 18,NA,NA,NA,NA,NA,NA,NA,NA,NA,NA,1,NA
diferente 19,NA,NA,NA,NA,NA,NA,NA,NA,NA,NA,1,NA
diferente 0,NA,NA,NA,NA,NA,NA,NA,NA,NA,NA,1,NA
triângulo com chapéu 0,NA,NA,NA,NA,NA,NA,NA,NA,NA,NA,1,NA
1triângulo com chapéu,NA,NA,NA,NA,NA,NA,NA,NA,NA,NA,1,NA
triângulo com chapéu 1,NA,NA,NA,NA,NA,NA,NA,NA,NA,NA,1,NA
triângulo com chapéu 2,NA,NA,NA,NA,NA,NA,NA,NA,NA,NA,1,NA
3triângulo com chapéu,NA,NA,NA,NA,NA,NA,NA,NA,NA,NA,1,NA
triângulo com chapéu 4,NA,NA,NA,NA,NA,NA,NA,NA,NA,NA,1,NA
triângulo com chapéu 5,NA,NA,NA,NA,NA,NA,NA,NA,NA,NA,1,NA
6 triângulo com chapéu,NA,NA,NA,NA,NA,NA,NA,NA,NA,NA,1,NA
triângulo com chapéu 6,NA,NA,NA,NA,NA,NA,NA,NA,NA,NA,1,NA
7 triângulo com chapéu,NA,NA,NA,NA,NA,NA,NA,NA,NA,NA,1,NA
triângulo com chapéu 7,NA,NA,NA,NA,NA,NA,NA,NA,NA,NA,1,NA
8 triângulo com chapéu,NA,NA,NA,NA,NA,NA,NA,NA,NA,NA,1,NA
triângulo com chapéu 8,NA,NA,NA,NA,NA,NA,NA,NA,NA,NA,1,NA
triângulo com chapéu 9,NA,NA,NA,NA,NA,NA,NA,NA,NA,NA,1,NA
triângulo com chapéu 10,NA,NA,NA,NA,NA,NA,NA,NA,NA,NA,1,NA
triângulo com chapéu 11,NA,NA,NA,NA,NA,NA,NA,NA,NA,NA,1,NA
triângulo com chapéu 12,NA,NA,NA,NA,NA,NA,NA,NA,NA,NA,1,NA
triângulo com chapéu 13,NA,NA,NA,NA,NA,NA,NA,NA,NA,NA,1,NA
triângulo com chapéu 14,NA,NA,NA,NA,NA,NA,NA,NA,NA,NA,1,NA
triângulo com chapéu 15,NA,NA,NA,NA,NA,NA,NA,NA,NA,NA,1,NA
triângulo com chapéu 16,NA,NA,NA,NA,NA,NA,NA,NA,NA,NA,1,NA
triângulo com chapéu 17,NA,NA,NA,NA,NA,NA,NA,NA,NA,NA,1,NA
triângulo com chapéu 18,NA,NA,NA,NA,NA,NA,NA,NA,NA,NA,1,NA
triângulo com chapéu 19,NA,NA,NA,NA,NA,NA,NA,NA,NA,NA,1,NA
triângulo com chapéu 20,NA,NA,NA,NA,NA,NA,NA,NA,NA,NA,1,NA
macho 1,NA,NA,NA,NA,NA,NA,NA,NA,NA,NA,1,NA
2 macho,NA,NA,NA,NA,NA,NA,NA,NA,NA,NA,1,NA
macho 3,NA,NA,NA,NA,NA,NA,NA,NA,NA,NA,1,NA
4 macho,NA,NA,NA,NA,NA,NA,NA,NA,NA,NA,1,NA
macho 4,NA,NA,NA,NA,NA,NA,NA,NA,NA,NA,1,NA
5 macho,NA,NA,NA,NA,NA,NA,NA,NA,NA,NA,1,NA
macho 5,NA,NA,NA,NA,NA,NA,NA,NA,NA,NA,1,NA
macho 6,NA,NA,NA,NA,NA,NA,NA,NA,NA,NA,1,NA
macho 7,NA,NA,NA,NA,NA,NA,NA,NA,NA,NA,1,NA
8macho,NA,NA,NA,NA,NA,NA,NA,NA,NA,NA,1,NA
macho 9,NA,NA,NA,NA,NA,NA,NA,NA,NA,NA,1,NA
macho 10,NA,NA,NA,NA,NA,NA,NA,NA,NA,NA,1,NA
macho 11,NA,NA,NA,NA,NA,NA,NA,NA,NA,NA,1,NA
macho 12,NA,NA,NA,NA,NA,NA,NA,NA,NA,NA,1,NA
macho 13,NA,NA,NA,NA,NA,NA,NA,NA,NA,NA,1,NA
macho 14,NA,NA,NA,NA,NA,NA,NA,NA,NA,NA,1,NA
macho 15,NA,NA,NA,NA,NA,NA,NA,NA,NA,NA,1,NA
macho 16,NA,NA,NA,NA,NA,NA,NA,NA,NA,NA,1,NA
macho 17,NA,NA,NA,NA,NA,NA,NA,NA,NA,NA,1,NA
macho 18,NA,NA,NA,NA,NA,NA,NA,NA,NA,NA,1,NA
macho 19,NA,NA,NA,NA,NA,NA,NA,NA,NA,NA,1,NA
macho 0,NA,NA,NA,NA,NA,NA,NA,NA,NA,NA,1,NA
101,NA,NA,NA,NA,NA,NA,NA,NA,NA,NA,NA,1
102,NA,NA,NA,NA,NA,NA,NA,NA,NA,NA,NA,1
103,NA,NA,NA,NA,NA,NA,NA,NA,NA,NA,NA,1
104,NA,NA,NA,NA,NA,NA,NA,NA,NA,NA,NA,1
105,NA,NA,NA,NA,NA,NA,NA,NA,NA,NA,NA,1
106,NA,NA,NA,NA,NA,NA,NA,NA,NA,NA,NA,1
107,NA,NA,NA,NA,NA,NA,NA,NA,NA,NA,NA,1
108,NA,NA,NA,NA,NA,NA,NA,NA,NA,NA,NA,1
109,NA,NA,NA,NA,NA,NA,NA,NA,NA,NA,NA,1
110,NA,NA,NA,NA,NA,NA,NA,NA,NA,NA,NA,1
111,NA,NA,NA,NA,NA,NA,NA,NA,NA,NA,NA,1
112,NA,NA,NA,NA,NA,NA,NA,NA,NA,NA,NA,1
113,NA,NA,NA,NA,NA,NA,NA,NA,NA,NA,NA,1
114,NA,NA,NA,NA,NA,NA,NA,NA,NA,NA,NA,1
115,NA,NA,NA,NA,NA,NA,NA,NA,NA,NA,NA,1
116,NA,NA,NA,NA,NA,NA,NA,NA,NA,NA,NA,1
117,NA,NA,NA,NA,NA,NA,NA,NA,NA,NA,NA,1
118,NA,NA,NA,NA,NA,NA,NA,NA,NA,NA,NA,1
119,NA,NA,NA,NA,NA,NA,NA,NA,NA,NA,NA,1
120,NA,NA,NA,NA,NA,NA,NA,NA,NA,NA,NA,1
121,NA,NA,NA,NA,NA,NA,NA,NA,NA,NA,NA,1
122,NA,NA,NA,NA,NA,NA,NA,NA,NA,NA,NA,1
123,NA,NA,NA,NA,NA,NA,NA,NA,NA,NA,NA,1
124,NA,NA,NA,NA,NA,NA,NA,NA,NA,NA,NA,1
125,NA,NA,NA,NA,NA,NA,NA,NA,NA,NA,NA,1
126,NA,NA,NA,NA,NA,NA,NA,NA,NA,NA,NA,1
127,NA,NA,NA,NA,NA,NA,NA,NA,NA,NA,NA,1
128,NA,NA,NA,NA,NA,NA,NA,NA,NA,NA,NA,1
129,NA,NA,NA,NA,NA,NA,NA,NA,NA,NA,NA,1
130,NA,NA,NA,NA,NA,NA,NA,NA,NA,NA,NA,1
131,NA,NA,NA,NA,NA,NA,NA,NA,NA,NA,NA,1
132,NA,NA,NA,NA,NA,NA,NA,NA,NA,NA,NA,1
133,NA,NA,NA,NA,NA,NA,NA,NA,NA,NA,NA,1
134,NA,NA,NA,NA,NA,NA,NA,NA,NA,NA,NA,1
135,NA,NA,NA,NA,NA,NA,NA,NA,NA,NA,NA,1
136,NA,NA,NA,NA,NA,NA,NA,NA,NA,NA,NA,1
137,NA,NA,NA,NA,NA,NA,NA,NA,NA,NA,NA,1
138,NA,NA,NA,NA,NA,NA,NA,NA,NA,NA,NA,1
139,NA,NA,NA,NA,NA,NA,NA,NA,NA,NA,NA,1
140,NA,NA,NA,NA,NA,NA,NA,NA,NA,NA,NA,1
141,NA,NA,NA,NA,NA,NA,NA,NA,NA,NA,NA,1
142,NA,NA,NA,NA,NA,NA,NA,NA,NA,NA,NA,1
143,NA,NA,NA,NA,NA,NA,NA,NA,NA,NA,NA,1
144,NA,NA,NA,NA,NA,NA,NA,NA,NA,NA,NA,1
145,NA,NA,NA,NA,NA,NA,NA,NA,NA,NA,NA,1
146,NA,NA,NA,NA,NA,NA,NA,NA,NA,NA,NA,1
147,NA,NA,NA,NA,NA,NA,NA,NA,NA,NA,NA,1
148,NA,NA,NA,NA,NA,NA,NA,NA,NA,NA,NA,1
149,NA,NA,NA,NA,NA,NA,NA,NA,NA,NA,NA,1
150,NA,NA,NA,NA,NA,NA,NA,NA,NA,NA,NA,1
151,NA,NA,NA,NA,NA,NA,NA,NA,NA,NA,NA,1
152,NA,NA,NA,NA,NA,NA,NA,NA,NA,NA,NA,1
153,NA,NA,NA,NA,NA,NA,NA,NA,NA,NA,NA,1
154,NA,NA,NA,NA,NA,NA,NA,NA,NA,NA,NA,1
155,NA,NA,NA,NA,NA,NA,NA,NA,NA,NA,NA,1
156,NA,NA,NA,NA,NA,NA,NA,NA,NA,NA,NA,1
157,NA,NA,NA,NA,NA,NA,NA,NA,NA,NA,NA,1
158,NA,NA,NA,NA,NA,NA,NA,NA,NA,NA,NA,1
159,NA,NA,NA,NA,NA,NA,NA,NA,NA,NA,NA,1
160,NA,NA,NA,NA,NA,NA,NA,NA,NA,NA,NA,1
161,NA,NA,NA,NA,NA,NA,NA,NA,NA,NA,NA,1
162,NA,NA,NA,NA,NA,NA,NA,NA,NA,NA,NA,1
163,NA,NA,NA,NA,NA,NA,NA,NA,NA,NA,NA,1
164,NA,NA,NA,NA,NA,NA,NA,NA,NA,NA,NA,1
165,NA,NA,NA,NA,NA,NA,NA,NA,NA,NA,NA,1
166,NA,NA,NA,NA,NA,NA,NA,NA,NA,NA,NA,1
167,NA,NA,NA,NA,NA,NA,NA,NA,NA,NA,NA,1
168,NA,NA,NA,NA,NA,NA,NA,NA,NA,NA,NA,1
169,NA,NA,NA,NA,NA,NA,NA,NA,NA,NA,NA,1
170,NA,NA,NA,NA,NA,NA,NA,NA,NA,NA,NA,1
171,NA,NA,NA,NA,NA,NA,NA,NA,NA,NA,NA,1
172,NA,NA,NA,NA,NA,NA,NA,NA,NA,NA,NA,1
173,NA,NA,NA,NA,NA,NA,NA,NA,NA,NA,NA,1
174,NA,NA,NA,NA,NA,NA,NA,NA,NA,NA,NA,1
175,NA,NA,NA,NA,NA,NA,NA,NA,NA,NA,NA,1
176,NA,NA,NA,NA,NA,NA,NA,NA,NA,NA,NA,1
177,NA,NA,NA,NA,NA,NA,NA,NA,NA,NA,NA,1
178,NA,NA,NA,NA,NA,NA,NA,NA,NA,NA,NA,1
179,NA,NA,NA,NA,NA,NA,NA,NA,NA,NA,NA,1
180,NA,NA,NA,NA,NA,NA,NA,NA,NA,NA,NA,1
181,NA,NA,NA,NA,NA,NA,NA,NA,NA,NA,NA,1
182,NA,NA,NA,NA,NA,NA,NA,NA,NA,NA,NA,1
183,NA,NA,NA,NA,NA,NA,NA,NA,NA,NA,NA,1
184,NA,NA,NA,NA,NA,NA,NA,NA,NA,NA,NA,1
185,NA,NA,NA,NA,NA,NA,NA,NA,NA,NA,NA,1
186,NA,NA,NA,NA,NA,NA,NA,NA,NA,NA,NA,1
187,NA,NA,NA,NA,NA,NA,NA,NA,NA,NA,NA,1
188,NA,NA,NA,NA,NA,NA,NA,NA,NA,NA,NA,1
189,NA,NA,NA,NA,NA,NA,NA,NA,NA,NA,NA,1
190,NA,NA,NA,NA,NA,NA,NA,NA,NA,NA,NA,1
191,NA,NA,NA,NA,NA,NA,NA,NA,NA,NA,NA,1
192,NA,NA,NA,NA,NA,NA,NA,NA,NA,NA,NA,1
193,NA,NA,NA,NA,NA,NA,NA,NA,NA,NA,NA,1
194,NA,NA,NA,NA,NA,NA,NA,NA,NA,NA,NA,1
195,NA,NA,NA,NA,NA,NA,NA,NA,NA,NA,NA,1
196,NA,NA,NA,NA,NA,NA,NA,NA,NA,NA,NA,1
197,NA,NA,NA,NA,NA,NA,NA,NA,NA,NA,NA,1
198,NA,NA,NA,NA,NA,NA,NA,NA,NA,NA,NA,1
199,NA,NA,NA,NA,NA,NA,NA,NA,NA,NA,NA,1
200,NA,NA,NA,NA,NA,NA,NA,NA,NA,NA,NA,1
